AccountedValuation,AmountType,AccountedValuation-AmountType,av,2024Q4V2
AccountedValuation,DerivativeTrade,AccountedValuation-DerivativeTrade,av,2024Q4V2
AccountedValuation,DerivativeTradeLeg,AccountedValuation-DerivativeTradeLeg,av,2024Q4V2
AccountedValuation,DerivativeTradeSourceSystemIdentifier,AccountedValuation-DerivativeTradeSourceSystemIdentifier,av,2024Q4V2
AccountedValuation,SourceSystemIdentifier,AccountedValuation-SourceSystemIdentifier,av,2024Q4V2
AccountedValuation,ValuationAmountRcoa,AccountedValuation-ValuationAmountRcoa,av,2024Q4V2
AccountedValuation,ValuationAmountReportingAmount,AccountedValuation-ValuationAmountReportingAmount,av,2024Q4V2
AccountedValuation,ValuationAmountReportingCurrency,AccountedValuation-ValuationAmountReportingCurrency,av,2024Q4V2
AccountedValuation,ValuationAmountTransactionAmount,AccountedValuation-ValuationAmountTransactionAmount,av,2024Q4V2
AccountedValuation,ValuationAmountTransactionCurrency,AccountedValuation-ValuationAmountTransactionCurrency,av,2024Q4V2
AccountedValuation,ValuationDate,AccountedValuation-ValuationDate,av,2024Q4V2
AccountedValuation,ValuationIdentifier,AccountedValuation-ValuationIdentifier,av,2024Q4V2
CashPool,AdequateFrequencyBalanceTransfer,CashPool-AdequateFrequencyBalanceTransfer,cp,2024Q4V2
CashPool,CashPoolIdentifier,CashPool-CashPoolIdentifier,cp,2024Q4V2
CashPool,CashPoolingMaturityMismatch,CashPool-CashPoolingMaturityMismatch,cp,2024Q4V2
CashPool,CashPoolingType,CashPool-CashPoolingType,cp,2024Q4V2
CashPool,InterestCompensation,CashPool-InterestCompensation,cp,2024Q4V2
CashPool,SourceSystemIdentifier,CashPool-SourceSystemIdentifier,cp,2024Q4V2
Collateral,AdvancedInternalRatingBasedApproachEligibleCollateralIndicator,Collateral-AdvancedInternalRatingBasedApproachEligibleCollateralIndicator,col,2024Q4V2
Collateral,AlternativeLocalReferenceIdentifier,Collateral-AlternativeLocalReferenceIdentifier,col,2024Q4V2
Collateral,AverageMarketValueReportingAmount,Collateral-AverageMarketValueReportingAmount,col,2024Q4V2
Collateral,AverageMarketValueReportingCurrency,Collateral-AverageMarketValueReportingCurrency,col,2024Q4V2
Collateral,AverageMarketValueTransactionAmount,Collateral-AverageMarketValueTransactionAmount,col,2024Q4V2
Collateral,AverageMarketValueTransactionCurrency,Collateral-AverageMarketValueTransactionCurrency,col,2024Q4V2
Collateral,BorrowersPrimaryResidence,Collateral-BorrowersPrimaryResidence,col,2024Q4V2
Collateral,CollateralIdentifier,Collateral-CollateralIdentifier,col,2024Q4V2
Collateral,CollateralProvisionDate,Collateral-CollateralProvisionDate,col,2024Q4V2
Collateral,CollateralRegion,Collateral-CollateralRegion,col,2024Q4V2
Collateral,CollateralType,Collateral-CollateralType,col,2024Q4V2
Collateral,CollateralValuationMethod,Collateral-CollateralValuationMethod,col,2024Q4V2
Collateral,CollateralValuationType,Collateral-CollateralValuationType,col,2024Q4V2
Collateral,CountryOfCollateral,Collateral-CountryOfCollateral,col,2024Q4V2
Collateral,DevelopmentStatus,Collateral-DevelopmentStatus,col,2024Q4V2
Collateral,FoundationInternalRatingBasedApproachEligibleCollateralIndicator,Collateral-FoundationInternalRatingBasedApproachEligibleCollateralIndicator,col,2024Q4V2
Collateral,GlobalCollateralIdentifier,Collateral-GlobalCollateralIdentifier,col,2024Q4V2
Collateral,GrossCollateralValueReportingAmount,Collateral-GrossCollateralValueReportingAmount,col,2024Q4V2
Collateral,GrossCollateralValueReportingCurrency,Collateral-GrossCollateralValueReportingCurrency,col,2024Q4V2
Collateral,GrossCollateralValueTransactionAmount,Collateral-GrossCollateralValueTransactionAmount,col,2024Q4V2
Collateral,GrossCollateralValueTransactionCurrency,Collateral-GrossCollateralValueTransactionCurrency,col,2024Q4V2
CollateralHasCollateralProvider,Collateral,CollateralHasCollateralProvider-Collateral,cpxcol,2024Q4V2
CollateralHasCollateralProvider,CollateralProvider,CollateralHasCollateralProvider-CollateralProvider,cpxcol,2024Q4V2
CollateralHasCollateralProvider,CollateralProviderSourceSystemIdentifier,CollateralHasCollateralProvider-CollateralProviderSourceSystemIdentifier,cpxcol,2024Q4V2
CollateralHasCollateralProvider,CollateralSourceSystemIdentifier,CollateralHasCollateralProvider-CollateralSourceSystemIdentifier,cpxcol,2024Q4V2
CollateralHasCollateralProvider,PrimaryCollateralProvider,CollateralHasCollateralProvider-PrimaryCollateralProvider,cpxcol,2024Q4V2
Collateral,HeldByThirdPartyIndicator,Collateral-HeldByThirdPartyIndicator,col,2024Q4V2
Collateral,IncomeProducingRealEstateFinance,Collateral-IncomeProducingRealEstateFinance,col,2024Q4V2
CollateralIsAllocatedToFinancingProduct,Collateral,CollateralIsAllocatedToFinancingProduct-Collateral,colxfp,2024Q4V2
CollateralIsAllocatedToFinancingProduct,CollateralSourceSystemIdentifier,CollateralIsAllocatedToFinancingProduct-CollateralSourceSystemIdentifier,colxfp,2024Q4V2
CollateralIsAllocatedToFinancingProduct,FinancingProduct,CollateralIsAllocatedToFinancingProduct-FinancingProduct,colxfp,2024Q4V2
CollateralIsAllocatedToFinancingProduct,FinancingProductSourceSystemIdentifier,CollateralIsAllocatedToFinancingProduct-FinancingProductSourceSystemIdentifier,colxfp,2024Q4V2
Collateral,LegalBindingToFinishProperty,Collateral-LegalBindingToFinishProperty,col,2024Q4V2
Collateral,LegalRegistrationValueReportingAmount,Collateral-LegalRegistrationValueReportingAmount,col,2024Q4V2
Collateral,LegalRegistrationValueReportingCurrency,Collateral-LegalRegistrationValueReportingCurrency,col,2024Q4V2
Collateral,LegalRegistrationValueTransactionAmount,Collateral-LegalRegistrationValueTransactionAmount,col,2024Q4V2
Collateral,LegalRegistrationValueTransactionCurrency,Collateral-LegalRegistrationValueTransactionCurrency,col,2024Q4V2
Collateral,LienPosition,Collateral-LienPosition,col,2024Q4V2
Collateral,LocalReferenceIdentifier,Collateral-LocalReferenceIdentifier,col,2024Q4V2
Collateral,MaturityDate,Collateral-MaturityDate,col,2024Q4V2
Collateral,NominalCollateralValueRcoa,Collateral-NominalCollateralValueRcoa,col,2024Q4V2
Collateral,NominalCollateralValueReportingAmount,Collateral-NominalCollateralValueReportingAmount,col,2024Q4V2
Collateral,NominalCollateralValueReportingCurrency,Collateral-NominalCollateralValueReportingCurrency,col,2024Q4V2
Collateral,NominalCollateralValueTransactionAmount,Collateral-NominalCollateralValueTransactionAmount,col,2024Q4V2
Collateral,NominalCollateralValueTransactionCurrency,Collateral-NominalCollateralValueTransactionCurrency,col,2024Q4V2
Collateral,NumberOfHousingUnits,Collateral-NumberOfHousingUnits,col,2024Q4V2
Collateral,OriginalCollateralValueReportingAmount,Collateral-OriginalCollateralValueReportingAmount,col,2024Q4V2
Collateral,OriginalCollateralValueReportingCurrency,Collateral-OriginalCollateralValueReportingCurrency,col,2024Q4V2
Collateral,OriginalCollateralValueTransactionAmount,Collateral-OriginalCollateralValueTransactionAmount,col,2024Q4V2
Collateral,OriginalCollateralValueTransactionCurrency,Collateral-OriginalCollateralValueTransactionCurrency,col,2024Q4V2
Collateral,RealEstateType,Collateral-RealEstateType,col,2024Q4V2
Collateral,RecoveryRate,Collateral-RecoveryRate,col,2024Q4V2
Collateral,RevaluationFrequency,Collateral-RevaluationFrequency,col,2024Q4V2
CollateralSecuresCreditFacility,Collateral,CollateralSecuresCreditFacility-Collateral,cfxcol,2024Q4V2
CollateralSecuresCreditFacility,CollateralSourceSystemIdentifier,CollateralSecuresCreditFacility-CollateralSourceSystemIdentifier,cfxcol,2024Q4V2
CollateralSecuresCreditFacility,CreditFacility,CollateralSecuresCreditFacility-CreditFacility,cfxcol,2024Q4V2
CollateralSecuresCreditFacility,CreditFacilitySourceSystemIdentifier,CollateralSecuresCreditFacility-CreditFacilitySourceSystemIdentifier,cfxcol,2024Q4V2
CollateralSecuresCurrentAccount,Collateral,CollateralSecuresCurrentAccount-Collateral,caxcol,2024Q4V2
CollateralSecuresCurrentAccount,CollateralSourceSystemIdentifier,CollateralSecuresCurrentAccount-CollateralSourceSystemIdentifier,caxcol,2024Q4V2
CollateralSecuresCurrentAccount,CurrentAccount,CollateralSecuresCurrentAccount-CurrentAccount,caxcol,2024Q4V2
CollateralSecuresCurrentAccount,CurrentAccountSourceSystemIdentifier,CollateralSecuresCurrentAccount-CurrentAccountSourceSystemIdentifier,caxcol,2024Q4V2
Collateral,SecurityCode,Collateral-SecurityCode,col,2024Q4V2
Collateral,SecurityCodeType,Collateral-SecurityCodeType,col,2024Q4V2
Collateral,SourceSystemIdentifier,Collateral-SourceSystemIdentifier,col,2024Q4V2
Collateral,StandardisedApproachEligibleCollateralIndicator,Collateral-StandardisedApproachEligibleCollateralIndicator,col,2024Q4V2
Collateral,ThirdPartyPriorityClaimReportingAmount,Collateral-ThirdPartyPriorityClaimReportingAmount,col,2024Q4V2
Collateral,ThirdPartyPriorityClaimReportingCurrency,Collateral-ThirdPartyPriorityClaimReportingCurrency,col,2024Q4V2
Collateral,ThirdPartyPriorityClaimTransactionAmount,Collateral-ThirdPartyPriorityClaimTransactionAmount,col,2024Q4V2
Collateral,ThirdPartyPriorityClaimTransactionCurrency,Collateral-ThirdPartyPriorityClaimTransactionCurrency,col,2024Q4V2
Collateral,ValuationDate,Collateral-ValuationDate,col,2024Q4V2
Counterparty,AacAlphaCode,Counterparty-AacAlphaCode,cp,2024Q4V2
Counterparty,AlternativeLocalReferenceIdentifier,Counterparty-AlternativeLocalReferenceIdentifier,cp,2024Q4V2
Counterparty,AnnualTurnoverReportingAmount,Counterparty-AnnualTurnoverReportingAmount,cp,2024Q4V2
Counterparty,AnnualTurnoverReportingCurrency,Counterparty-AnnualTurnoverReportingCurrency,cp,2024Q4V2
Counterparty,AnnualTurnoverTransactionAmount,Counterparty-AnnualTurnoverTransactionAmount,cp,2024Q4V2
Counterparty,AnnualTurnoverTransactionCurrency,Counterparty-AnnualTurnoverTransactionCurrency,cp,2024Q4V2
Counterparty,ApprovedUniformCounterpartyRatingExpirationDate,Counterparty-ApprovedUniformCounterpartyRatingExpirationDate,cp,2024Q4V2
Counterparty,BaselIICounterpartyType,Counterparty-BaselIICounterpartyType,cp,2024Q4V2
Counterparty,BcdbId,Counterparty-BcdbId,cp,2024Q4V2
Counterparty,CommonEquityTier1Ratio,Counterparty-CommonEquityTier1Ratio,cp,2024Q4V2
Counterparty,CounterpartyName,Counterparty-CounterpartyName,cp,2024Q4V2
Counterparty,CountryOfIncorporation,Counterparty-CountryOfIncorporation,cp,2024Q4V2
Counterparty,CountryOfResidence,Counterparty-CountryOfResidence,cp,2024Q4V2
Counterparty,Default,Counterparty-Default,cp,2024Q4V2
Counterparty,DefaultDate,Counterparty-DefaultDate,cp,2024Q4V2
Counterparty,DefaultEndDate,Counterparty-DefaultEndDate,cp,2024Q4V2
Counterparty,ExemptionFromAdvancedInternalRatingBasedApproach,Counterparty-ExemptionFromAdvancedInternalRatingBasedApproach,cp,2024Q4V2
Counterparty,FrCounterpartySegmentation,Counterparty-FrCounterpartySegmentation,cp,2024Q4V2
Counterparty,GlobalCounterpartyIdentifier,Counterparty-GlobalCounterpartyIdentifier,cp,2024Q4V2
Counterparty,GlobalOrganisationID,Counterparty-GlobalOrganisationID,cp,2024Q4V2
Counterparty,ImmediateParentOrganisation,Counterparty-ImmediateParentOrganisation,cp,2024Q4V2
Counterparty,ImmediateParentOrganisationIndicator,Counterparty-ImmediateParentOrganisationIndicator,cp,2024Q4V2
Counterparty,ImmediateParentOrganisationSourceSystemIdentifier,Counterparty-ImmediateParentOrganisationSourceSystemIdentifier,cp,2024Q4V2
Counterparty,InsighterId,Counterparty-InsighterId,cp,2024Q4V2
Counterparty,LeiCode,Counterparty-LeiCode,cp,2024Q4V2
Counterparty,LocalId,Counterparty-LocalId,cp,2024Q4V2
Counterparty,MeetsMinimumBufferRequirements,Counterparty-MeetsMinimumBufferRequirements,cp,2024Q4V2
Counterparty,MeetsMinimumRegulatoryRequirements,Counterparty-MeetsMinimumRegulatoryRequirements,cp,2024Q4V2
Counterparty,MonthlyNetIncomeReportingAmount,Counterparty-MonthlyNetIncomeReportingAmount,cp,2024Q4V2
Counterparty,MonthlyNetIncomeReportingCurrency,Counterparty-MonthlyNetIncomeReportingCurrency,cp,2024Q4V2
Counterparty,MonthlyNetIncomeTransactionAmount,Counterparty-MonthlyNetIncomeTransactionAmount,cp,2024Q4V2
Counterparty,MonthlyNetIncomeTransactionCurrency,Counterparty-MonthlyNetIncomeTransactionCurrency,cp,2024Q4V2
Counterparty,NetIncomeReportingAmount,Counterparty-NetIncomeReportingAmount,cp,2024Q4V2
Counterparty,NetIncomeReportingCurrency,Counterparty-NetIncomeReportingCurrency,cp,2024Q4V2
Counterparty,NetIncomeTransactionAmount,Counterparty-NetIncomeTransactionAmount,cp,2024Q4V2
Counterparty,NetIncomeTransactionCurrency,Counterparty-NetIncomeTransactionCurrency,cp,2024Q4V2
Counterparty,NonperformingEndDate,Counterparty-NonperformingEndDate,cp,2024Q4V2
Counterparty,NonperformingStartDate,Counterparty-NonperformingStartDate,cp,2024Q4V2
Counterparty,NumberOfEmployees,Counterparty-NumberOfEmployees,cp,2024Q4V2
Counterparty,OrganisationSize,Counterparty-OrganisationSize,cp,2024Q4V2
Counterparty,PDMarginOfConservatism,Counterparty-PDMarginOfConservatism,cp,2024Q4V2
Counterparty,PDModelCode,Counterparty-PDModelCode,cp,2024Q4V2
Counterparty,PerformingIndicator,Counterparty-PerformingIndicator,cp,2024Q4V2
Counterparty,ProbabilityOfDefault,Counterparty-ProbabilityOfDefault,cp,2024Q4V2
Counterparty,RatingAndModelApprovalDate,Counterparty-RatingAndModelApprovalDate,cp,2024Q4V2
Counterparty,RatingExpiryDate,Counterparty-RatingExpiryDate,cp,2024Q4V2
Counterparty,RealCompanyActivitySector,Counterparty-RealCompanyActivitySector,cp,2024Q4V2
Counterparty,SCRARating,Counterparty-SCRARating,cp,2024Q4V2
Counterparty,SCRARatingDate,Counterparty-SCRARatingDate,cp,2024Q4V2
Counterparty,SourceSystemIdentifier,Counterparty-SourceSystemIdentifier,cp,2024Q4V2
Counterparty,SpecialPurposeEntityType,Counterparty-SpecialPurposeEntityType,cp,2024Q4V2
Counterparty,Tier1LeverageRatio,Counterparty-Tier1LeverageRatio,cp,2024Q4V2
Counterparty,TotalAssetsReportingAmount,Counterparty-TotalAssetsReportingAmount,cp,2024Q4V2
Counterparty,TotalAssetsReportingCurrency,Counterparty-TotalAssetsReportingCurrency,cp,2024Q4V2
Counterparty,TotalAssetsTransactionAmount,Counterparty-TotalAssetsTransactionAmount,cp,2024Q4V2
Counterparty,TotalAssetsTransactionCurrency,Counterparty-TotalAssetsTransactionCurrency,cp,2024Q4V2
Counterparty,TypeOfParty,Counterparty-TypeOfParty,cp,2024Q4V2
Counterparty,UltimateParentOrganisation,Counterparty-UltimateParentOrganisation,cp,2024Q4V2
Counterparty,UltimateParentOrganisationIndicator,Counterparty-UltimateParentOrganisationIndicator,cp,2024Q4V2
Counterparty,UltimateParentOrganisationSourceSystemIdentifier,Counterparty-UltimateParentOrganisationSourceSystemIdentifier,cp,2024Q4V2
Counterparty,UniformCounterpartyRating,Counterparty-UniformCounterpartyRating,cp,2024Q4V2
Counterparty,UniformCounterpartyRatingDate,Counterparty-UniformCounterpartyRatingDate,cp,2024Q4V2
Counterparty,UniqueCounterpartyIdentifier,Counterparty-UniqueCounterpartyIdentifier,cp,2024Q4V2
Counterparty,UniquePDRatingId,Counterparty-UniquePDRatingId,cp,2024Q4V2
Counterparty,UniquePDRatingIdSourceSystemIdentifier,Counterparty-UniquePDRatingIdSourceSystemIdentifier,cp,2024Q4V2
CreditFacility,AccruedFeesAmountDebitCreditIndicator,CreditFacility-AccruedFeesAmountDebitCreditIndicator,cf,2024Q4V2
CreditFacility,AccruedFeesAmountReportingAmount,CreditFacility-AccruedFeesAmountReportingAmount,cf,2024Q4V2
CreditFacility,AccruedFeesAmountReportingCurrency,CreditFacility-AccruedFeesAmountReportingCurrency,cf,2024Q4V2
CreditFacility,AccruedFeesAmountTransactionAmount,CreditFacility-AccruedFeesAmountTransactionAmount,cf,2024Q4V2
CreditFacility,AccruedFeesAmountTransactionCurrency,CreditFacility-AccruedFeesAmountTransactionCurrency,cf,2024Q4V2
CreditFacility,AlternativeLocalReferenceIdentifier,CreditFacility-AlternativeLocalReferenceIdentifier,cf,2024Q4V2
CreditFacility,ApprovedLossGivenDefaultRatingDate,CreditFacility-ApprovedLossGivenDefaultRatingDate,cf,2024Q4V2
CreditFacility,ArrangementParticipationType,CreditFacility-ArrangementParticipationType,cf,2024Q4V2
CreditFacility,BaselIIProductType,CreditFacility-BaselIIProductType,cf,2024Q4V2
CreditFacility,BookType,CreditFacility-BookType,cf,2024Q4V2
CreditFacility,BorrowingBaseReportingAmount,CreditFacility-BorrowingBaseReportingAmount,cf,2024Q4V2
CreditFacility,BorrowingBaseReportingCurrency,CreditFacility-BorrowingBaseReportingCurrency,cf,2024Q4V2
CreditFacility,BorrowingBaseTransactionAmount,CreditFacility-BorrowingBaseTransactionAmount,cf,2024Q4V2
CreditFacility,BorrowingBaseTransactionCurrency,CreditFacility-BorrowingBaseTransactionCurrency,cf,2024Q4V2
CreditFacility,BusinessSegment,CreditFacility-BusinessSegment,cf,2024Q4V2
CreditFacility,ContractStatus,CreditFacility-ContractStatus,cf,2024Q4V2
CreditFacility,ContractStatusDate,CreditFacility-ContractStatusDate,cf,2024Q4V2
CreditFacility,CreditAgreement,CreditFacility-CreditAgreement,cf,2024Q4V2
CreditFacility,CreditAssessmentForDrawDownUnderUnadvisedCreditLimitIndicator,CreditFacility-CreditAssessmentForDrawDownUnderUnadvisedCreditLimitIndicator,cf,2024Q4V2
CreditFacility,CreditConversionFactor,CreditFacility-CreditConversionFactor,cf,2024Q4V2
CreditFacility,CreditLimitReportingAmount,CreditFacility-CreditLimitReportingAmount,cf,2024Q4V2
CreditFacility,CreditLimitReportingCurrency,CreditFacility-CreditLimitReportingCurrency,cf,2024Q4V2
CreditFacility,CreditLimitTransactionAmount,CreditFacility-CreditLimitTransactionAmount,cf,2024Q4V2
CreditFacility,CreditLimitTransactionCurrency,CreditFacility-CreditLimitTransactionCurrency,cf,2024Q4V2
CreditFacility,CreditProductProgramSegment,CreditFacility-CreditProductProgramSegment,cf,2024Q4V2
CreditFacility,Default,CreditFacility-Default,cf,2024Q4V2
CreditFacility,DefaultDate,CreditFacility-DefaultDate,cf,2024Q4V2
CreditFacility,DefaultEndDate,CreditFacility-DefaultEndDate,cf,2024Q4V2
CreditFacility,DownturnLossGivenDefault,CreditFacility-DownturnLossGivenDefault,cf,2024Q4V2
CreditFacility,EADAmountBeforeApplicationOfConservatismReportingAmount,CreditFacility-EADAmountBeforeApplicationOfConservatismReportingAmount,cf,2024Q4V2
CreditFacility,EADAmountBeforeApplicationOfConservatismReportingCurrency,CreditFacility-EADAmountBeforeApplicationOfConservatismReportingCurrency,cf,2024Q4V2
CreditFacility,EADAmountBeforeApplicationOfConservatismTransactionAmount,CreditFacility-EADAmountBeforeApplicationOfConservatismTransactionAmount,cf,2024Q4V2
CreditFacility,EADAmountBeforeApplicationOfConservatismTransactionCurrency,CreditFacility-EADAmountBeforeApplicationOfConservatismTransactionCurrency,cf,2024Q4V2
CreditFacility,EADModelCode,CreditFacility-EADModelCode,cf,2024Q4V2
CreditFacility,ELBEPercentageBeforeApplicationOfConservatism,CreditFacility-ELBEPercentageBeforeApplicationOfConservatism,cf,2024Q4V2
CreditFacility,ExemptionFromAdvancedInternalRatingBasedApproach,CreditFacility-ExemptionFromAdvancedInternalRatingBasedApproach,cf,2024Q4V2
CreditFacility,ExposureAtDefaultReportingAmount,CreditFacility-ExposureAtDefaultReportingAmount,cf,2024Q4V2
CreditFacility,ExposureAtDefaultReportingCurrency,CreditFacility-ExposureAtDefaultReportingCurrency,cf,2024Q4V2
CreditFacility,FacilityType,CreditFacility-FacilityType,cf,2024Q4V2
CreditFacility,Forborne,CreditFacility-Forborne,cf,2024Q4V2
CreditFacility,ForborneDate,CreditFacility-ForborneDate,cf,2024Q4V2
CreditFacility,GlobalFacilityIdentifier,CreditFacility-GlobalFacilityIdentifier,cf,2024Q4V2
CreditFacilityHasForbearanceMeasure,CreditFacility,CreditFacilityHasForbearanceMeasure-CreditFacility,cffbm,2024Q4V2
CreditFacilityHasForbearanceMeasure,ForbearanceMeasureApprovalDate,CreditFacilityHasForbearanceMeasure-ForbearanceMeasureApprovalDate,cffbm,2024Q4V2
CreditFacilityHasForbearanceMeasure,ForbearanceMeasureEndDate,CreditFacilityHasForbearanceMeasure-ForbearanceMeasureEndDate,cffbm,2024Q4V2
CreditFacilityHasForbearanceMeasure,ForbearanceMeasureType,CreditFacilityHasForbearanceMeasure-ForbearanceMeasureType,cffbm,2024Q4V2
CreditFacilityHasForbearanceMeasure,SourceSystemIdentifier,CreditFacilityHasForbearanceMeasure-SourceSystemIdentifier,cffbm,2024Q4V2
CreditFacility,HighQualityIndicator,CreditFacility-HighQualityIndicator,cf,2024Q4V2
CreditFacility,Ifrs9RiskStage,CreditFacility-Ifrs9RiskStage,cf,2024Q4V2
CreditFacility,IncomeProducingRealEstateFinance,CreditFacility-IncomeProducingRealEstateFinance,cf,2024Q4V2
CreditFacility,InfrastructuralSupportingFactor,CreditFacility-InfrastructuralSupportingFactor,cf,2024Q4V2
CreditFacility,InsuredFlag,CreditFacility-InsuredFlag,cf,2024Q4V2
CreditFacilityIsForParticipatingCounterparty,CounterpartyRole,CreditFacilityIsForParticipatingCounterparty-CounterpartyRole,cpxcf,2024Q4V2
CreditFacilityIsForParticipatingCounterparty,CreditFacility,CreditFacilityIsForParticipatingCounterparty-CreditFacility,cpxcf,2024Q4V2
CreditFacilityIsForParticipatingCounterparty,CreditFacilitySourceSystemIdentifier,CreditFacilityIsForParticipatingCounterparty-CreditFacilitySourceSystemIdentifier,cpxcf,2024Q4V2
CreditFacilityIsForParticipatingCounterparty,LiabilityPercentage,CreditFacilityIsForParticipatingCounterparty-LiabilityPercentage,cpxcf,2024Q4V2
CreditFacilityIsForParticipatingCounterparty,ParticipatingCounterparty,CreditFacilityIsForParticipatingCounterparty-ParticipatingCounterparty,cpxcf,2024Q4V2
CreditFacilityIsForParticipatingCounterparty,ParticipatingCounterpartySourceSystemIdentifier,CreditFacilityIsForParticipatingCounterparty-ParticipatingCounterpartySourceSystemIdentifier,cpxcf,2024Q4V2
CreditFacility,LandAcquisitionDevelopmentAndConstructionExposureFinance,CreditFacility-LandAcquisitionDevelopmentAndConstructionExposureFinance,cf,2024Q4V2
CreditFacility,LGDMarginOfConservatism,CreditFacility-LGDMarginOfConservatism,cf,2024Q4V2
CreditFacility,LGDModelCode,CreditFacility-LGDModelCode,cf,2024Q4V2
CreditFacility,LGDPercentageBeforeConservatism,CreditFacility-LGDPercentageBeforeConservatism,cf,2024Q4V2
CreditFacility,LGDType,CreditFacility-LGDType,cf,2024Q4V2
CreditFacility,LoanLossAllowanceRcoa,CreditFacility-LoanLossAllowanceRcoa,cf,2024Q4V2
CreditFacility,LoanLossAllowanceReportingAmount,CreditFacility-LoanLossAllowanceReportingAmount,cf,2024Q4V2
CreditFacility,LoanLossAllowanceReportingCurrency,CreditFacility-LoanLossAllowanceReportingCurrency,cf,2024Q4V2
CreditFacility,LoanLossAllowanceTransactionAmount,CreditFacility-LoanLossAllowanceTransactionAmount,cf,2024Q4V2
CreditFacility,LoanLossAllowanceTransactionCurrency,CreditFacility-LoanLossAllowanceTransactionCurrency,cf,2024Q4V2
CreditFacility,LocalFacilityIdentifier,CreditFacility-LocalFacilityIdentifier,cf,2024Q4V2
CreditFacility,LocalReferenceIdentifier,CreditFacility-LocalReferenceIdentifier,cf,2024Q4V2
CreditFacility,LossGivenDefaultClass,CreditFacility-LossGivenDefaultClass,cf,2024Q4V2
CreditFacility,MaturityDate,CreditFacility-MaturityDate,cf,2024Q4V2
CreditFacility,NonperformingEndDate,CreditFacility-NonperformingEndDate,cf,2024Q4V2
CreditFacility,NonperformingStartDate,CreditFacility-NonperformingStartDate,cf,2024Q4V2
CreditFacility,ParentCreditFacility,CreditFacility-ParentCreditFacility,cf,2024Q4V2
CreditFacility,ParentCreditFacilitySourceSystemIdentifier,CreditFacility-ParentCreditFacilitySourceSystemIdentifier,cf,2024Q4V2
CreditFacility,PDMarginOfConservatism,CreditFacility-PDMarginOfConservatism,cf,2024Q4V2
CreditFacility,PDModelCode,CreditFacility-PDModelCode,cf,2024Q4V2
CreditFacility,PDPercentageBeforeConservatism,CreditFacility-PDPercentageBeforeConservatism,cf,2024Q4V2
CreditFacility,PensionerFlag,CreditFacility-PensionerFlag,cf,2024Q4V2
CreditFacility,PerformingIndicator,CreditFacility-PerformingIndicator,cf,2024Q4V2
CreditFacility,PlNplIndicator,CreditFacility-PlNplIndicator,cf,2024Q4V2
CreditFacility,ProbabilityOfDefault,CreditFacility-ProbabilityOfDefault,cf,2024Q4V2
CreditFacility,ProductProgram,CreditFacility-ProductProgram,cf,2024Q4V2
CreditFacility,ProjectFinancePhaseIndicator,CreditFacility-ProjectFinancePhaseIndicator,cf,2024Q4V2
CreditFacility,ReportingEntity,CreditFacility-ReportingEntity,cf,2024Q4V2
CreditFacility,Revolving,CreditFacility-Revolving,cf,2024Q4V2
CreditFacility,RiskWeightedExposureApproach,CreditFacility-RiskWeightedExposureApproach,cf,2024Q4V2
CreditFacility,SourceSystemIdentifier,CreditFacility-SourceSystemIdentifier,cf,2024Q4V2
CreditFacility,SpecialisedLendingType,CreditFacility-SpecialisedLendingType,cf,2024Q4V2
CreditFacility,ThroughTheCycleLossGivenDefault,CreditFacility-ThroughTheCycleLossGivenDefault,cf,2024Q4V2
CreditFacility,TradeDate,CreditFacility-TradeDate,cf,2024Q4V2
CreditFacility,TypeOfCommitment,CreditFacility-TypeOfCommitment,cf,2024Q4V2
CreditFacility,UnadvisedCreditLimitReportingAmount,CreditFacility-UnadvisedCreditLimitReportingAmount,cf,2024Q4V2
CreditFacility,UnadvisedCreditLimitReportingCurrency,CreditFacility-UnadvisedCreditLimitReportingCurrency,cf,2024Q4V2
CreditFacility,UnadvisedCreditLimitTransactionAmount,CreditFacility-UnadvisedCreditLimitTransactionAmount,cf,2024Q4V2
CreditFacility,UnadvisedCreditLimitTransactionCurrency,CreditFacility-UnadvisedCreditLimitTransactionCurrency,cf,2024Q4V2
CreditFacility,UndrawnRcoa,CreditFacility-UndrawnRcoa,cf,2024Q4V2
CreditFacility,UndrawnReportingAmount,CreditFacility-UndrawnReportingAmount,cf,2024Q4V2
CreditFacility,UndrawnReportingCurrency,CreditFacility-UndrawnReportingCurrency,cf,2024Q4V2
CreditFacility,UndrawnTransactionAmount,CreditFacility-UndrawnTransactionAmount,cf,2024Q4V2
CreditFacility,UndrawnTransactionCurrency,CreditFacility-UndrawnTransactionCurrency,cf,2024Q4V2
CurrentAccount,AccumulatedTechnicalWriteoffReportingAmount,CurrentAccount-AccumulatedTechnicalWriteoffReportingAmount,ca,2024Q4V2
CurrentAccount,AccumulatedTechnicalWriteoffReportingCurrency,CurrentAccount-AccumulatedTechnicalWriteoffReportingCurrency,ca,2024Q4V2
CurrentAccount,AccumulatedTechnicalWriteoffTransactionAmount,CurrentAccount-AccumulatedTechnicalWriteoffTransactionAmount,ca,2024Q4V2
CurrentAccount,AccumulatedTechnicalWriteoffTransactionCurrency,CurrentAccount-AccumulatedTechnicalWriteoffTransactionCurrency,ca,2024Q4V2
CurrentAccount,ArrangementIdentifier,CurrentAccount-ArrangementIdentifier,ca,2024Q4V2
CurrentAccount,CreditFacility,CurrentAccount-CreditFacility,ca,2024Q4V2
CurrentAccount,CreditFacilitySourceSystemIdentifier,CurrentAccount-CreditFacilitySourceSystemIdentifier,ca,2024Q4V2
CurrentAccount,CreditTurnoverReportingAmount,CurrentAccount-CreditTurnoverReportingAmount,ca,2024Q4V2
CurrentAccount,CreditTurnoverReportingCurrency,CurrentAccount-CreditTurnoverReportingCurrency,ca,2024Q4V2
CurrentAccount,CreditTurnoverTransactionAmount,CurrentAccount-CreditTurnoverTransactionAmount,ca,2024Q4V2
CurrentAccount,CreditTurnoverTransactionCurrency,CurrentAccount-CreditTurnoverTransactionCurrency,ca,2024Q4V2
CurrentAccount,Default,CurrentAccount-Default,ca,2024Q4V2
CurrentAccount,DefaultDate,CurrentAccount-DefaultDate,ca,2024Q4V2
CurrentAccount,DefaultEndDate,CurrentAccount-DefaultEndDate,ca,2024Q4V2
CurrentAccount,ForbearanceMeasure,CurrentAccount-ForbearanceMeasure,ca,2024Q4V2
CurrentAccountHasForbearanceMeasure,CurrentAccount,CurrentAccountHasForbearanceMeasure-CurrentAccount,#N/A,2024Q4V2
CurrentAccountHasForbearanceMeasure,ForbearanceMeasureApprovalDate,CurrentAccountHasForbearanceMeasure-ForbearanceMeasureApprovalDate,#N/A,2024Q4V2
CurrentAccountHasForbearanceMeasure,ForbearanceMeasureEndDate,CurrentAccountHasForbearanceMeasure-ForbearanceMeasureEndDate,#N/A,2024Q4V2
CurrentAccountHasForbearanceMeasure,ForbearanceMeasureType,CurrentAccountHasForbearanceMeasure-ForbearanceMeasureType,#N/A,2024Q4V2
CurrentAccountHasForbearanceMeasure,SourceSystemIdentifier,CurrentAccountHasForbearanceMeasure-SourceSystemIdentifier,#N/A,2024Q4V2
CurrentAccount,Ifrs9RiskStage,CurrentAccount-Ifrs9RiskStage,ca,2024Q4V2
CurrentAccountIsForParticipatingCounterparty,CounterpartyRole,CurrentAccountIsForParticipatingCounterparty-CounterpartyRole,cpxca,2024Q4V2
CurrentAccountIsForParticipatingCounterparty,CurrentAccount,CurrentAccountIsForParticipatingCounterparty-CurrentAccount,cpxca,2024Q4V2
CurrentAccountIsForParticipatingCounterparty,CurrentAccountSourceSystemIdentifier,CurrentAccountIsForParticipatingCounterparty-CurrentAccountSourceSystemIdentifier,cpxca,2024Q4V2
CurrentAccountIsForParticipatingCounterparty,ParticipatingCounterparty,CurrentAccountIsForParticipatingCounterparty-ParticipatingCounterparty,cpxca,2024Q4V2
CurrentAccountIsForParticipatingCounterparty,ParticipatingCounterpartySourceSystemIdentifier,CurrentAccountIsForParticipatingCounterparty-ParticipatingCounterpartySourceSystemIdentifier,cpxca,2024Q4V2
CurrentAccount,LoanLossAllowanceRcoa,CurrentAccount-LoanLossAllowanceRcoa,ca,2024Q4V2
CurrentAccount,LoanLossAllowanceReportingAmount,CurrentAccount-LoanLossAllowanceReportingAmount,ca,2024Q4V2
CurrentAccount,LoanLossAllowanceReportingCurrency,CurrentAccount-LoanLossAllowanceReportingCurrency,ca,2024Q4V2
CurrentAccount,LoanLossAllowanceTransactionAmount,CurrentAccount-LoanLossAllowanceTransactionAmount,ca,2024Q4V2
CurrentAccount,LoanLossAllowanceTransactionCurrency,CurrentAccount-LoanLossAllowanceTransactionCurrency,ca,2024Q4V2
CurrentAccount,NettingAgreementIdentifier,CurrentAccount-NettingAgreementIdentifier,ca,2024Q4V2
CurrentAccount,NonperformingEndDate,CurrentAccount-NonperformingEndDate,ca,2024Q4V2
CurrentAccount,NonperformingStartDate,CurrentAccount-NonperformingStartDate,ca,2024Q4V2
CurrentAccount,NostroAccount,CurrentAccount-NostroAccount,ca,2024Q4V2
CurrentAccount,PDModelCode,CurrentAccount-PDModelCode,ca,2024Q4V2
CurrentAccount,PerformingIndicator,CurrentAccount-PerformingIndicator,ca,2024Q4V2
CurrentAccount,PlNplIndicator,CurrentAccount-PlNplIndicator,ca,2024Q4V2
CurrentAccount,QRRETransactor,CurrentAccount-QRRETransactor,ca,2024Q4V2
CurrentAccount,SourceSystemIdentifier,CurrentAccount-SourceSystemIdentifier,ca,2024Q4V2
CurrentAccount,Subordinated,CurrentAccount-Subordinated,ca,2024Q4V2
CurrentAccount,TechnicalWriteoffDate,CurrentAccount-TechnicalWriteoffDate,ca,2024Q4V2
CurrentAccount,TechnicalWriteoffReason,CurrentAccount-TechnicalWriteoffReason,ca,2024Q4V2
CurrentAccount,TechnicalWriteoffReportingAmount,CurrentAccount-TechnicalWriteoffReportingAmount,ca,2024Q4V2
CurrentAccount,TechnicalWriteoffReportingCurrency,CurrentAccount-TechnicalWriteoffReportingCurrency,ca,2024Q4V2
CurrentAccount,TechnicalWriteoffTransactionAmount,CurrentAccount-TechnicalWriteoffTransactionAmount,ca,2024Q4V2
CurrentAccount,TechnicalWriteoffTransactionCurrency,CurrentAccount-TechnicalWriteoffTransactionCurrency,ca,2024Q4V2
DerivativeTrade,AgreementPackageIdentifier,DerivativeTrade-AgreementPackageIdentifier,#N/A,2024Q4V2
DerivativeTrade,Book,DerivativeTrade-Book,#N/A,2024Q4V2
DerivativeTrade,BusinessSegment,DerivativeTrade-BusinessSegment,#N/A,2024Q4V2
DerivativeTrade,BuySellIndicator,DerivativeTrade-BuySellIndicator,#N/A,2024Q4V2
DerivativeTrade,Counterparty,DerivativeTrade-Counterparty,#N/A,2024Q4V2
DerivativeTrade,CounterpartySourceSystemIdentifier,DerivativeTrade-CounterpartySourceSystemIdentifier,#N/A,2024Q4V2
DerivativeTrade,DerivativeAgreementIdentifier,DerivativeTrade-DerivativeAgreementIdentifier,#N/A,2024Q4V2
DerivativeTrade,DerivativeTradeIdentifier,DerivativeTrade-DerivativeTradeIdentifier,#N/A,2024Q4V2
DerivativeTrade,FairValueHierarchy,DerivativeTrade-FairValueHierarchy,#N/A,2024Q4V2
DerivativeTrade,FinancialMarketInstrumentType,DerivativeTrade-FinancialMarketInstrumentType,#N/A,2024Q4V2
DerivativeTrade,GlobalMasterAgreement,DerivativeTrade-GlobalMasterAgreement,#N/A,2024Q4V2
DerivativeTrade,GlobalMasterAgreementSourceSystemIdentifier,DerivativeTrade-GlobalMasterAgreementSourceSystemIdentifier,#N/A,2024Q4V2
DerivativeTrade,HedgingSet,DerivativeTrade-HedgingSet,#N/A,2024Q4V2
DerivativeTradeLeg,DerivativeTrade,DerivativeTradeLeg-DerivativeTrade,#N/A,2024Q4V2
DerivativeTradeLeg,DerivativeTradeLegIdentifier,DerivativeTradeLeg-DerivativeTradeLegIdentifier,#N/A,2024Q4V2
DerivativeTradeLeg,SourceSystemIdentifier,DerivativeTradeLeg-SourceSystemIdentifier,#N/A,2024Q4V2
DerivativeTrade,ReportingEntity,DerivativeTrade-ReportingEntity,#N/A,2024Q4V2
DerivativeTrade,SourceSystemIdentifier,DerivativeTrade-SourceSystemIdentifier,#N/A,2024Q4V2
DerivativeTrade,TradeDate,DerivativeTrade-TradeDate,#N/A,2024Q4V2
DerivativeTrade,ValueDate,DerivativeTrade-ValueDate,#N/A,2024Q4V2
DerivativeTrade,ExposureAtDefaultLcoa,DerivativeTrade-ExposureAtDefaultLcoa,#N/A,2024Q4V2
DerivativeTrade,ExposureAtDefaultLocalFALedgerChartOfAccounts,DerivativeTrade-ExposureAtDefaultLocalFALedgerChartOfAccounts,#N/A,2024Q4V2
DerivativeTrade,ExposureAtDefaultRcoa,DerivativeTrade-ExposureAtDefaultRcoa,#N/A,2024Q4V2
DerivativeTrade,ExposureAtDefaultReportingAmount,DerivativeTrade-ExposureAtDefaultReportingAmount,#N/A,2024Q4V2
DerivativeTrade,ExposureAtDefaultReportingCurrency,DerivativeTrade-ExposureAtDefaultReportingCurrency,#N/A,2024Q4V2
DerivativeTrade,ExposureAtDefaultTransactionAmount,DerivativeTrade-ExposureAtDefaultTransactionAmount,#N/A,2024Q4V2
DerivativeTrade,ExposureAtDefaultTransactionCurrency,DerivativeTrade-ExposureAtDefaultTransactionCurrency,#N/A,2024Q4V2
ExternalCreditRating,Counterparty,ExternalCreditRating-Counterparty,#N/A,2024Q4V2
ExternalCreditRating,CounterpartySourceSystemIdentifier,ExternalCreditRating-CounterpartySourceSystemIdentifier,#N/A,2024Q4V2
ExternalCreditRating,ExternalCreditAssessmentInstitution,ExternalCreditRating-ExternalCreditAssessmentInstitution,#N/A,2024Q4V2
ExternalCreditRating,ExternalCreditRating,ExternalCreditRating-ExternalCreditRating,#N/A,2024Q4V2
ExternalCreditRating,ExternalCreditRatingDate,ExternalCreditRating-ExternalCreditRatingDate,#N/A,2024Q4V2
ExternalCreditRating,ExternalCreditRatingId,ExternalCreditRating-ExternalCreditRatingId,#N/A,2024Q4V2
ExternalCreditRating,SourceSystemIdentifier,ExternalCreditRating-SourceSystemIdentifier,#N/A,2024Q4V2
ExternalCreditRating,TermRatingIndicator,ExternalCreditRating-TermRatingIndicator,#N/A,2024Q4V2
FinancialMarketInstrument,ArrangementIdentifier,FinancialMarketInstrument-ArrangementIdentifier,fmi,2024Q4V2
FinancialMarketInstrument,Issuer,FinancialMarketInstrument-Issuer,fmi,2024Q4V2
FinancialMarketInstrument,IssuerSourceSystemIdentifier,FinancialMarketInstrument-IssuerSourceSystemIdentifier,fmi,2024Q4V2
FinancialMarketInstrument,MarketValueAmountReportingAmount,FinancialMarketInstrument-MarketValueAmountReportingAmount,fmi,2024Q4V2
FinancialMarketInstrument,MarketValueAmountReportingCurrency,FinancialMarketInstrument-MarketValueAmountReportingCurrency,fmi,2024Q4V2
FinancialMarketInstrument,MarketValueAmountTransactionAmount,FinancialMarketInstrument-MarketValueAmountTransactionAmount,fmi,2024Q4V2
FinancialMarketInstrument,MarketValueAmountTransactionCurrency,FinancialMarketInstrument-MarketValueAmountTransactionCurrency,fmi,2024Q4V2
FinancialMarketInstrument,SecurityCode,FinancialMarketInstrument-SecurityCode,fmi,2024Q4V2
FinancialMarketInstrument,SecurityCodeType,FinancialMarketInstrument-SecurityCodeType,fmi,2024Q4V2
FinancialMarketInstrument,SourceSystemIdentifier,FinancialMarketInstrument-SourceSystemIdentifier,fmi,2024Q4V2
FinancingProduct,AccumulatedTechnicalWriteoffReportingAmount,FinancingProduct-AccumulatedTechnicalWriteoffReportingAmount,fp,2024Q4V2
FinancingProduct,AccumulatedTechnicalWriteoffReportingCurrency,FinancingProduct-AccumulatedTechnicalWriteoffReportingCurrency,fp,2024Q4V2
FinancingProduct,AccumulatedTechnicalWriteoffTransactionAmount,FinancingProduct-AccumulatedTechnicalWriteoffTransactionAmount,fp,2024Q4V2
FinancingProduct,AccumulatedTechnicalWriteoffTransactionCurrency,FinancingProduct-AccumulatedTechnicalWriteoffTransactionCurrency,fp,2024Q4V2
FinancingProduct,ArrangementIdentifier,FinancingProduct-ArrangementIdentifier,fp,2024Q4V2
FinancingProduct,BargainOptionAmountReportingAmount,FinancingProduct-BargainOptionAmountReportingAmount,fp,2024Q4V2
FinancingProduct,BargainOptionAmountReportingCurrency,FinancingProduct-BargainOptionAmountReportingCurrency,fp,2024Q4V2
FinancingProduct,BargainOptionAmountTransactionAmount,FinancingProduct-BargainOptionAmountTransactionAmount,fp,2024Q4V2
FinancingProduct,BargainOptionAmountTransactionCurrency,FinancingProduct-BargainOptionAmountTransactionCurrency,fp,2024Q4V2
FinancingProduct,Buytolet,FinancingProduct-Buytolet,fp,2024Q4V2
FinancingProduct,CounterpartyProductPurpose,FinancingProduct-CounterpartyProductPurpose,fp,2024Q4V2
FinancingProduct,CreditFacility,FinancingProduct-CreditFacility,fp,2024Q4V2
FinancingProduct,CreditFacilitySourceSystemIdentifier,FinancingProduct-CreditFacilitySourceSystemIdentifier,fp,2024Q4V2
FinancingProduct,DateOfSecuritisation,FinancingProduct-DateOfSecuritisation,fp,2024Q4V2
FinancingProduct,EffectiveMaturityDate,FinancingProduct-EffectiveMaturityDate,fp,2024Q4V2
FinancingProduct,FinancingProductType,FinancingProduct-FinancingProductType,fp,2024Q4V2
FinancingProduct,ForbearanceMeasure,FinancingProduct-ForbearanceMeasure,fp,2024Q4V2
FinancingProductHasForbearanceMeasure,FinancingProduct,FinancingProductHasForbearanceMeasure-FinancingProduct,fpfbm,2024Q4V2
FinancingProductHasForbearanceMeasure,ForbearanceMeasureApprovalDate,FinancingProductHasForbearanceMeasure-ForbearanceMeasureApprovalDate,fpfbm,2024Q4V2
FinancingProductHasForbearanceMeasure,ForbearanceMeasureEndDate,FinancingProductHasForbearanceMeasure-ForbearanceMeasureEndDate,fpfbm,2024Q4V2
FinancingProductHasForbearanceMeasure,ForbearanceMeasureType,FinancingProductHasForbearanceMeasure-ForbearanceMeasureType,fpfbm,2024Q4V2
FinancingProductHasForbearanceMeasure,SourceSystemIdentifier,FinancingProductHasForbearanceMeasure-SourceSystemIdentifier,fpfbm,2024Q4V2
FinancingProduct,InstallmentInterestAmountReportingAmount,FinancingProduct-InstallmentInterestAmountReportingAmount,fp,2024Q4V2
FinancingProduct,InstallmentInterestAmountReportingCurrency,FinancingProduct-InstallmentInterestAmountReportingCurrency,fp,2024Q4V2
FinancingProduct,InstallmentInterestAmountTransactionAmount,FinancingProduct-InstallmentInterestAmountTransactionAmount,fp,2024Q4V2
FinancingProduct,InstallmentInterestAmountTransactionCurrency,FinancingProduct-InstallmentInterestAmountTransactionCurrency,fp,2024Q4V2
FinancingProduct,InstallmentPrincipalAmountReportingAmount,FinancingProduct-InstallmentPrincipalAmountReportingAmount,fp,2024Q4V2
FinancingProduct,InstallmentPrincipalAmountReportingCurrency,FinancingProduct-InstallmentPrincipalAmountReportingCurrency,fp,2024Q4V2
FinancingProduct,InstallmentPrincipalAmountTransactionAmount,FinancingProduct-InstallmentPrincipalAmountTransactionAmount,fp,2024Q4V2
FinancingProduct,InstallmentPrincipalAmountTransactionCurrency,FinancingProduct-InstallmentPrincipalAmountTransactionCurrency,fp,2024Q4V2
FinancingProduct,LoanLossAllowanceRcoa,FinancingProduct-LoanLossAllowanceRcoa,fp,2024Q4V2
FinancingProduct,LoanLossAllowanceReportingAmount,FinancingProduct-LoanLossAllowanceReportingAmount,fp,2024Q4V2
FinancingProduct,LoanLossAllowanceReportingCurrency,FinancingProduct-LoanLossAllowanceReportingCurrency,fp,2024Q4V2
FinancingProduct,LoanLossAllowanceTransactionAmount,FinancingProduct-LoanLossAllowanceTransactionAmount,fp,2024Q4V2
FinancingProduct,LoanLossAllowanceTransactionCurrency,FinancingProduct-LoanLossAllowanceTransactionCurrency,fp,2024Q4V2
FinancingProduct,MaturityDate,FinancingProduct-MaturityDate,fp,2024Q4V2
FinancingProduct,QRRETransactor,FinancingProduct-QRRETransactor,fp,2024Q4V2
FinancingProduct,ResidualValueOperationalLeaseReportingAmount,FinancingProduct-ResidualValueOperationalLeaseReportingAmount,fp,2024Q4V2
FinancingProduct,ResidualValueOperationalLeaseReportingCurrency,FinancingProduct-ResidualValueOperationalLeaseReportingCurrency,fp,2024Q4V2
FinancingProduct,ResidualValueOperationalLeaseTransactionAmount,FinancingProduct-ResidualValueOperationalLeaseTransactionAmount,fp,2024Q4V2
FinancingProduct,ResidualValueOperationalLeaseTransactionCurrency,FinancingProduct-ResidualValueOperationalLeaseTransactionCurrency,fp,2024Q4V2
FinancingProduct,SecuritisationIdentifier,FinancingProduct-SecuritisationIdentifier,fp,2024Q4V2
FinancingProduct,SecuritisationRoleType,FinancingProduct-SecuritisationRoleType,fp,2024Q4V2
FinancingProduct,SecuritisationType,FinancingProduct-SecuritisationType,fp,2024Q4V2
FinancingProduct,SourceSystemIdentifier,FinancingProduct-SourceSystemIdentifier,fp,2024Q4V2
FinancingProduct,SpecialPurposeEntity,FinancingProduct-SpecialPurposeEntity,fp,2024Q4V2
FinancingProduct,Subordinated,FinancingProduct-Subordinated,fp,2024Q4V2
FinancingProduct,SyndicatedLoanIdentifier,FinancingProduct-SyndicatedLoanIdentifier,fp,2024Q4V2
FinancingProduct,TechnicalWriteoffDate,FinancingProduct-TechnicalWriteoffDate,fp,2024Q4V2
FinancingProduct,TechnicalWriteoffReason,FinancingProduct-TechnicalWriteoffReason,fp,2024Q4V2
FinancingProduct,TechnicalWriteoffReportingAmount,FinancingProduct-TechnicalWriteoffReportingAmount,fp,2024Q4V2
FinancingProduct,TechnicalWriteoffReportingCurrency,FinancingProduct-TechnicalWriteoffReportingCurrency,fp,2024Q4V2
FinancingProduct,TechnicalWriteoffTransactionAmount,FinancingProduct-TechnicalWriteoffTransactionAmount,fp,2024Q4V2
FinancingProduct,TechnicalWriteoffTransactionCurrency,FinancingProduct-TechnicalWriteoffTransactionCurrency,fp,2024Q4V2
FinancingProduct,TransferredPercentage,FinancingProduct-TransferredPercentage,fp,2024Q4V2
GlobalMasterAgreement,CounterpartyProductPurpose,GlobalMasterAgreement-CounterpartyProductPurpose,gma,2024Q4V2
GlobalMasterAgreement,GlobalMasterAgreementIdentifier,GlobalMasterAgreement-GlobalMasterAgreementIdentifier,gma,2024Q4V2
GlobalMasterAgreement,GlobalMasterAgreementType,GlobalMasterAgreement-GlobalMasterAgreementType,gma,2024Q4V2
GlobalMasterAgreement,LegalEntityOfTheBank,GlobalMasterAgreement-LegalEntityOfTheBank,gma,2024Q4V2
GlobalMasterAgreement,ReportingEntity,GlobalMasterAgreement-ReportingEntity,gma,2024Q4V2
GlobalMasterAgreement,SourceSystemIdentifier,GlobalMasterAgreement-SourceSystemIdentifier,gma,2024Q4V2
GlobalMasterAgreement,TradeDate,GlobalMasterAgreement-TradeDate,gma,2024Q4V2
Guarantee,AdvancedInternalRatingBasedApproachEligibleGuaranteeIndicator,Guarantee-AdvancedInternalRatingBasedApproachEligibleGuaranteeIndicator,gua,2024Q4V2
Guarantee,AlternativeLocalReferenceIdentifier,Guarantee-AlternativeLocalReferenceIdentifier,gua,2024Q4V2
Guarantee,DateOfGuaranteeValue,Guarantee-DateOfGuaranteeValue,gua,2024Q4V2
Guarantee,FoundationInternalRatingBasedApproachEligibleGuaranteeIndicator,Guarantee-FoundationInternalRatingBasedApproachEligibleGuaranteeIndicator,gua,2024Q4V2
Guarantee,GlobalCollateralIdentifier,Guarantee-GlobalCollateralIdentifier,gua,2024Q4V2
Guarantee,GuaranteeIdentifier,Guarantee-GuaranteeIdentifier,gua,2024Q4V2
Guarantee,GuaranteeType,Guarantee-GuaranteeType,gua,2024Q4V2
Guarantee,GuaranteeValueRcoa,Guarantee-GuaranteeValueRcoa,gua,2024Q4V2
Guarantee,GuaranteeValueReportingAmount,Guarantee-GuaranteeValueReportingAmount,gua,2024Q4V2
Guarantee,GuaranteeValueReportingCurrency,Guarantee-GuaranteeValueReportingCurrency,gua,2024Q4V2
Guarantee,GuaranteeValueTransactionAmount,Guarantee-GuaranteeValueTransactionAmount,gua,2024Q4V2
Guarantee,GuaranteeValueTransactionCurrency,Guarantee-GuaranteeValueTransactionCurrency,gua,2024Q4V2
GuaranteeHasGuarantor,Guarantee,GuaranteeHasGuarantor-Guarantee,guahcp,2024Q4V2
GuaranteeHasGuarantor,GuaranteeSourceSystemIdentifier,GuaranteeHasGuarantor-GuaranteeSourceSystemIdentifier,guahcp,2024Q4V2
GuaranteeHasGuarantor,Guarantor,GuaranteeHasGuarantor-Guarantor,guahcp,2024Q4V2
GuaranteeHasGuarantor,GuarantorSourceSystemIdentifier,GuaranteeHasGuarantor-GuarantorSourceSystemIdentifier,guahcp,2024Q4V2
GuaranteeHasGuarantor,LiabilityPercentage,GuaranteeHasGuarantor-LiabilityPercentage,guahcp,2024Q4V2
GuaranteeHasGuarantor,PrimaryGuaranteeProvider,GuaranteeHasGuarantor-PrimaryGuaranteeProvider,guahcp,2024Q4V2
Guarantee,LocalReferenceIdentifier,Guarantee-LocalReferenceIdentifier,gua,2024Q4V2
Guarantee,MaturityDate,Guarantee-MaturityDate,gua,2024Q4V2
Guarantee,PrincipalOnlyGuarantee,Guarantee-PrincipalOnlyGuarantee,gua,2024Q4V2
GuaranteeSecuresCounterparty,Counterparty,GuaranteeSecuresCounterparty-Counterparty,cpxgua,2024Q4V2
GuaranteeSecuresCounterparty,CounterpartySourceSystemIdentifier,GuaranteeSecuresCounterparty-CounterpartySourceSystemIdentifier,cpxgua,2024Q4V2
GuaranteeSecuresCounterparty,Guarantee,GuaranteeSecuresCounterparty-Guarantee,cpxgua,2024Q4V2
GuaranteeSecuresCounterparty,GuaranteeSourceSystemIdentifier,GuaranteeSecuresCounterparty-GuaranteeSourceSystemIdentifier,cpxgua,2024Q4V2
GuaranteeSecuresCreditFacility,AllocatedGuaranteeValueReportingAmount,GuaranteeSecuresCreditFacility-AllocatedGuaranteeValueReportingAmount,cfxgua,2024Q4V2
GuaranteeSecuresCreditFacility,AllocatedGuaranteeValueReportingCurrency,GuaranteeSecuresCreditFacility-AllocatedGuaranteeValueReportingCurrency,cfxgua,2024Q4V2
GuaranteeSecuresCreditFacility,AllocatedGuaranteeValueTransactionAmount,GuaranteeSecuresCreditFacility-AllocatedGuaranteeValueTransactionAmount,cfxgua,2024Q4V2
GuaranteeSecuresCreditFacility,AllocatedGuaranteeValueTransactionCurrency,GuaranteeSecuresCreditFacility-AllocatedGuaranteeValueTransactionCurrency,cfxgua,2024Q4V2
GuaranteeSecuresCreditFacility,CreditFacility,GuaranteeSecuresCreditFacility-CreditFacility,cfxgua,2024Q4V2
GuaranteeSecuresCreditFacility,CreditFacilitySourceSystemIdentifier,GuaranteeSecuresCreditFacility-CreditFacilitySourceSystemIdentifier,cfxgua,2024Q4V2
GuaranteeSecuresCreditFacility,Guarantee,GuaranteeSecuresCreditFacility-Guarantee,cfxgua,2024Q4V2
GuaranteeSecuresCreditFacility,GuaranteeSourceSystemIdentifier,GuaranteeSecuresCreditFacility-GuaranteeSourceSystemIdentifier,cfxgua,2024Q4V2
GuaranteeSecuresCurrentAccount,AllocatedGuaranteeValueReportingAmount,GuaranteeSecuresCurrentAccount-AllocatedGuaranteeValueReportingAmount,guaxca,2024Q4V2
GuaranteeSecuresCurrentAccount,AllocatedGuaranteeValueReportingCurrency,GuaranteeSecuresCurrentAccount-AllocatedGuaranteeValueReportingCurrency,guaxca,2024Q4V2
GuaranteeSecuresCurrentAccount,AllocatedGuaranteeValueTransactionAmount,GuaranteeSecuresCurrentAccount-AllocatedGuaranteeValueTransactionAmount,guaxca,2024Q4V2
GuaranteeSecuresCurrentAccount,AllocatedGuaranteeValueTransactionCurrency,GuaranteeSecuresCurrentAccount-AllocatedGuaranteeValueTransactionCurrency,guaxca,2024Q4V2
GuaranteeSecuresCurrentAccount,CurrentAccount,GuaranteeSecuresCurrentAccount-CurrentAccount,guaxca,2024Q4V2
GuaranteeSecuresCurrentAccount,CurrentAccountSourceSystemIdentifier,GuaranteeSecuresCurrentAccount-CurrentAccountSourceSystemIdentifier,guaxca,2024Q4V2
GuaranteeSecuresCurrentAccount,Guarantee,GuaranteeSecuresCurrentAccount-Guarantee,guaxca,2024Q4V2
GuaranteeSecuresCurrentAccount,GuaranteeSourceSystemIdentifier,GuaranteeSecuresCurrentAccount-GuaranteeSourceSystemIdentifier,guaxca,2024Q4V2
GuaranteeSecuresFinancingProduct,AllocatedGuaranteeValueReportingAmount,GuaranteeSecuresFinancingProduct-AllocatedGuaranteeValueReportingAmount,fpxgua,2024Q4V2
GuaranteeSecuresFinancingProduct,AllocatedGuaranteeValueReportingCurrency,GuaranteeSecuresFinancingProduct-AllocatedGuaranteeValueReportingCurrency,fpxgua,2024Q4V2
GuaranteeSecuresFinancingProduct,AllocatedGuaranteeValueTransactionAmount,GuaranteeSecuresFinancingProduct-AllocatedGuaranteeValueTransactionAmount,fpxgua,2024Q4V2
GuaranteeSecuresFinancingProduct,AllocatedGuaranteeValueTransactionCurrency,GuaranteeSecuresFinancingProduct-AllocatedGuaranteeValueTransactionCurrency,fpxgua,2024Q4V2
GuaranteeSecuresFinancingProduct,FinancingProduct,GuaranteeSecuresFinancingProduct-FinancingProduct,fpxgua,2024Q4V2
GuaranteeSecuresFinancingProduct,FinancingProductSourceSystemIdentifier,GuaranteeSecuresFinancingProduct-FinancingProductSourceSystemIdentifier,fpxgua,2024Q4V2
GuaranteeSecuresFinancingProduct,Guarantee,GuaranteeSecuresFinancingProduct-Guarantee,fpxgua,2024Q4V2
GuaranteeSecuresFinancingProduct,GuaranteeSourceSystemIdentifier,GuaranteeSecuresFinancingProduct-GuaranteeSourceSystemIdentifier,fpxgua,2024Q4V2
Guarantee,SourceSystemIdentifier,Guarantee-SourceSystemIdentifier,gua,2024Q4V2
Guarantee,StandardisedApproachEligibleGuaranteeIndicator,Guarantee-StandardisedApproachEligibleGuaranteeIndicator,gua,2024Q4V2
Product,AccruedFeesAmountReportingAmount,Product-AccruedFeesAmountReportingAmount,pr,2024Q4V2
Product,AccruedFeesAmountReportingCurrency,Product-AccruedFeesAmountReportingCurrency,pr,2024Q4V2
Product,AccruedFeesAmountTransactionAmount,Product-AccruedFeesAmountTransactionAmount,pr,2024Q4V2
Product,AccruedFeesAmountTransactionCurrency,Product-AccruedFeesAmountTransactionCurrency,pr,2024Q4V2
Product,AccruedInterestAmountIndicator,Product-AccruedInterestAmountIndicator,pr,2024Q4V2
Product,AccruedInterestAmountReportingAmount,Product-AccruedInterestAmountReportingAmount,pr,2024Q4V2
Product,AccruedInterestAmountReportingCurrency,Product-AccruedInterestAmountReportingCurrency,pr,2024Q4V2
Product,AccruedInterestAmountTransactionAmount,Product-AccruedInterestAmountTransactionAmount,pr,2024Q4V2
Product,AccruedInterestAmountTransactionCurrency,Product-AccruedInterestAmountTransactionCurrency,pr,2024Q4V2
Product,AlternativeLocalReferenceIdentifier,Product-AlternativeLocalReferenceIdentifier,pr,2024Q4V2
Product,ArrangementIdentifier,Product-ArrangementIdentifier,pr,2024Q4V2
Product,BaselIIProductType,Product-BaselIIProductType,pr,2024Q4V2
Product,BusinessSegment,Product-BusinessSegment,pr,2024Q4V2
Product,CarryingAmountDebitCreditIndicator,Product-CarryingAmountDebitCreditIndicator,pr,2024Q4V2
Product,CarryingAmountRcoa,Product-CarryingAmountRcoa,pr,2024Q4V2
Product,CarryingAmountReportingAmount,Product-CarryingAmountReportingAmount,pr,2024Q4V2
Product,CarryingAmountReportingCurrency,Product-CarryingAmountReportingCurrency,pr,2024Q4V2
Product,CarryingAmountTransactionAmount,Product-CarryingAmountTransactionAmount,pr,2024Q4V2
Product,CarryingAmountTransactionCurrency,Product-CarryingAmountTransactionCurrency,pr,2024Q4V2
Product,ContractStatus,Product-ContractStatus,pr,2024Q4V2
Product,ContractStatusDate,Product-ContractStatusDate,pr,2024Q4V2
Product,CustomFieldName<AggregatedBalanceAccountFlag >,Product-CustomFieldName<AggregatedBalanceAccountFlag >,pr,2024Q4V2
Product,CustomFieldName<AggregatedBalanceAmountRCOA>,Product-CustomFieldName<AggregatedBalanceAmountRCOA>,pr,2024Q4V2
Product,CustomFieldName<AggregatedBalanceAmountReportingAmount>,Product-CustomFieldName<AggregatedBalanceAmountReportingAmount>,pr,2024Q4V2
Product,CustomFieldName<AggregatedBalanceAmountReportingCurrency>,Product-CustomFieldName<AggregatedBalanceAmountReportingCurrency>,pr,2024Q4V2
Product,CustomFieldName<AggregatedBalanceAmountTransactionAmount>,Product-CustomFieldName<AggregatedBalanceAmountTransactionAmount>,pr,2024Q4V2
Product,CustomFieldName<AggregatedBalanceAmountTransactionCurrency>,Product-CustomFieldName<AggregatedBalanceAmountTransactionCurrency>,pr,2024Q4V2
Product,CustomFieldName<AggregatedBalanceDebitCreditIndicator>,Product-CustomFieldName<AggregatedBalanceDebitCreditIndicator>,pr,2024Q4V2
Product,CustomFieldName<AggregatedBalanceMasterAccountNumber>,Product-CustomFieldName<AggregatedBalanceMasterAccountNumber>,pr,2024Q4V2
Product,CustomFieldValue<AggregatedBalanceAccountFlag >,Product-CustomFieldValue<AggregatedBalanceAccountFlag >,pr,2024Q4V2
Product,CustomFieldValue<AggregatedBalanceAmountRCOA>,Product-CustomFieldValue<AggregatedBalanceAmountRCOA>,pr,2024Q4V2
Product,CustomFieldValue<AggregatedBalanceAmountReportingAmount>,Product-CustomFieldValue<AggregatedBalanceAmountReportingAmount>,pr,2024Q4V2
Product,CustomFieldValue<AggregatedBalanceAmountReportingCurrency>,Product-CustomFieldValue<AggregatedBalanceAmountReportingCurrency>,pr,2024Q4V2
Product,CustomFieldValue<AggregatedBalanceAmountTransactionAmount>,Product-CustomFieldValue<AggregatedBalanceAmountTransactionAmount>,pr,2024Q4V2
Product,CustomFieldValue<AggregatedBalanceAmountTransactionCurrency>,Product-CustomFieldValue<AggregatedBalanceAmountTransactionCurrency>,pr,2024Q4V2
Product,CustomFieldValue<AggregatedBalanceDebitCreditIndicator>,Product-CustomFieldValue<AggregatedBalanceDebitCreditIndicator>,pr,2024Q4V2
Product,CustomFieldValue<AggregatedBalanceMasterAccountNumber>,Product-CustomFieldValue<AggregatedBalanceMasterAccountNumber>,pr,2024Q4V2
Product,DebitCreditIndicator,Product-DebitCreditIndicator,pr,2024Q4V2
Product,ExemptionFromAdvancedInternalRatingBasedApproach,Product-ExemptionFromAdvancedInternalRatingBasedApproach,pr,2024Q4V2
Product,GrossCarryingAmountLcoa,Product-GrossCarryingAmountLcoa,pr,2024Q4V2
Product,GrossCarryingAmountLocalFALedgerChartOfAccounts,Product-GrossCarryingAmountLocalFALedgerChartOfAccounts,pr,2024Q4V2
Product,GrossCarryingAmountRcoa,Product-GrossCarryingAmountRcoa,pr,2024Q4V2
Product,GrossCarryingAmountReportingAmount,Product-GrossCarryingAmountReportingAmount,pr,2024Q4V2
Product,GrossCarryingAmountReportingCurrency,Product-GrossCarryingAmountReportingCurrency,pr,2024Q4V2
Product,GrossCarryingAmountTransactionAmount,Product-GrossCarryingAmountTransactionAmount,pr,2024Q4V2
Product,GrossCarryingAmountTransactionCurrency,Product-GrossCarryingAmountTransactionCurrency,pr,2024Q4V2
Product,Ifrs9ClassificationAndMeasurement,Product-Ifrs9ClassificationAndMeasurement,pr,2024Q4V2
ProductIsForCounterparty,Counterparty,ProductIsForCounterparty-Counterparty,#N/A,2024Q4V2
ProductIsForCounterparty,CounterpartySourceSystemIdentifier,ProductIsForCounterparty-CounterpartySourceSystemIdentifier,#N/A,2024Q4V2
ProductIsForCounterparty,Product,ProductIsForCounterparty-Product,#N/A,2024Q4V2
ProductIsForCounterparty,ProductSourceSystemIdentifier,ProductIsForCounterparty-ProductSourceSystemIdentifier,#N/A,2024Q4V2
Product,LocalReferenceIdentifier,Product-LocalReferenceIdentifier,pr,2024Q4V2
Product,NetBalanceSheetAmountRcoa,Product-NetBalanceSheetAmountRcoa,pr,2024Q4V2
Product,NetBalanceSheetAmountReportingAmount,Product-NetBalanceSheetAmountReportingAmount,pr,2024Q4V2
Product,NetBalanceSheetAmountReportingCurrency,Product-NetBalanceSheetAmountReportingCurrency,pr,2024Q4V2
Product,NetBalanceSheetAmountTransactionAmount,Product-NetBalanceSheetAmountTransactionAmount,pr,2024Q4V2
Product,NetBalanceSheetAmountTransactionCurrency,Product-NetBalanceSheetAmountTransactionCurrency,pr,2024Q4V2
Product,NominalAmountRcoa,Product-NominalAmountRcoa,pr,2024Q4V2
Product,NominalAmountReportingAmount,Product-NominalAmountReportingAmount,pr,2024Q4V2
Product,NominalAmountReportingCurrency,Product-NominalAmountReportingCurrency,pr,2024Q4V2
Product,NominalAmountTransactionAmount,Product-NominalAmountTransactionAmount,pr,2024Q4V2
Product,NominalAmountTransactionCurrency,Product-NominalAmountTransactionCurrency,pr,2024Q4V2
ProductPart,AccruedInterestAmountIndicator,ProductPart-AccruedInterestAmountIndicator,prp,2024Q4V2
ProductPart,AccruedInterestAmountReportingAmount,ProductPart-AccruedInterestAmountReportingAmount,prp,2024Q4V2
ProductPart,AccruedInterestAmountReportingCurrency,ProductPart-AccruedInterestAmountReportingCurrency,prp,2024Q4V2
ProductPart,AccruedInterestAmountTransactionAmount,ProductPart-AccruedInterestAmountTransactionAmount,prp,2024Q4V2
ProductPart,AccruedInterestAmountTransactionCurrency,ProductPart-AccruedInterestAmountTransactionCurrency,prp,2024Q4V2
ProductPart,AmortisationOrInterestConditionIndicator,ProductPart-AmortisationOrInterestConditionIndicator,prp,2024Q4V2
ProductPart,DebitCreditIndicator,ProductPart-DebitCreditIndicator,prp,2024Q4V2
ProductPart,NominalAmountRcoa,ProductPart-NominalAmountRcoa,prp,2024Q4V2
ProductPart,NominalAmountReportingAmount,ProductPart-NominalAmountReportingAmount,prp,2024Q4V2
ProductPart,NominalAmountReportingCurrency,ProductPart-NominalAmountReportingCurrency,prp,2024Q4V2
ProductPart,NominalAmountTransactionAmount,ProductPart-NominalAmountTransactionAmount,prp,2024Q4V2
ProductPart,NominalAmountTransactionCurrency,ProductPart-NominalAmountTransactionCurrency,prp,2024Q4V2
ProductPart,PartSequenceNumber,ProductPart-PartSequenceNumber,prp,2024Q4V2
ProductPart,Product,ProductPart-Product,prp,2024Q4V2
ProductPart,ProductPartEndDate,ProductPart-ProductPartEndDate,prp,2024Q4V2
ProductPart,ProductPartStartDate,ProductPart-ProductPartStartDate,prp,2024Q4V2
ProductPart,RepaymentMethod,ProductPart-RepaymentMethod,prp,2024Q4V2
ProductPart,SourceSystemIdentifier,ProductPart-SourceSystemIdentifier,prp,2024Q4V2
Product,ReportingEntity,Product-ReportingEntity,pr,2024Q4V2
Product,RiskWeightedExposureApproach,Product-RiskWeightedExposureApproach,pr,2024Q4V2
Product,SettlementDate,Product-SettlementDate,pr,2024Q4V2
Product,SourceSystemIdentifier,Product-SourceSystemIdentifier,pr,2024Q4V2
Product,TradeDate,Product-TradeDate,pr,2024Q4V2
SecuritiesFinancingTrade,BalanceSheetRecognitionIndicator,SecuritiesFinancingTrade-BalanceSheetRecognitionIndicator,sft,2024Q4V2
SecuritiesFinancingTrade,BusinessSegment,SecuritiesFinancingTrade-BusinessSegment,sft,2024Q4V2
SecuritiesFinancingTrade,ContractStatus,SecuritiesFinancingTrade-ContractStatus,sft,2024Q4V2
SecuritiesFinancingTrade,ContractStatusDate,SecuritiesFinancingTrade-ContractStatusDate,sft,2024Q4V2
SecuritiesFinancingTrade,Counterparty,SecuritiesFinancingTrade-Counterparty,sft,2024Q4V2
SecuritiesFinancingTrade,CounterpartySourceSystemIdentifier,SecuritiesFinancingTrade-CounterpartySourceSystemIdentifier,sft,2024Q4V2
SecuritiesFinancingTrade,GlobalMasterAgreement,SecuritiesFinancingTrade-GlobalMasterAgreement,sft,2024Q4V2
SecuritiesFinancingTrade,GlobalMasterAgreementSourceSystemIdentifier,SecuritiesFinancingTrade-GlobalMasterAgreementSourceSystemIdentifier,sft,2024Q4V2
SecuritiesFinancingTrade,GlobalOrganisationID,SecuritiesFinancingTrade-GlobalOrganisationID,sft,2024Q4V2
SecuritiesFinancingTrade,InterestPaymentFrequency,SecuritiesFinancingTrade-InterestPaymentFrequency,sft,2024Q4V2
SecuritiesFinancingTrade,InterestRate,SecuritiesFinancingTrade-InterestRate,sft,2024Q4V2
SecuritiesFinancingTrade,InterestRateResetFrequency,SecuritiesFinancingTrade-InterestRateResetFrequency,sft,2024Q4V2
SecuritiesFinancingTrade,InterestRateType,SecuritiesFinancingTrade-InterestRateType,sft,2024Q4V2
SecuritiesFinancingTradeLeg,AccruedInterestAmountIndicator,SecuritiesFinancingTradeLeg-AccruedInterestAmountIndicator,sftl,2024Q4V2
SecuritiesFinancingTradeLeg,AccruedInterestAmountLcoa,SecuritiesFinancingTradeLeg-AccruedInterestAmountLcoa,sftl,2024Q4V2
SecuritiesFinancingTradeLeg,AccruedInterestAmountLocalFALedgerChartOfAccounts,SecuritiesFinancingTradeLeg-AccruedInterestAmountLocalFALedgerChartOfAccounts,sftl,2024Q4V2
SecuritiesFinancingTradeLeg,AccruedInterestAmountRcoa,SecuritiesFinancingTradeLeg-AccruedInterestAmountRcoa,sftl,2024Q4V2
SecuritiesFinancingTradeLeg,AccruedInterestAmountReportingAmount,SecuritiesFinancingTradeLeg-AccruedInterestAmountReportingAmount,sftl,2024Q4V2
SecuritiesFinancingTradeLeg,AccruedInterestAmountReportingCurrency,SecuritiesFinancingTradeLeg-AccruedInterestAmountReportingCurrency,sftl,2024Q4V2
SecuritiesFinancingTradeLeg,AccruedInterestAmountTransactionAmount,SecuritiesFinancingTradeLeg-AccruedInterestAmountTransactionAmount,sftl,2024Q4V2
SecuritiesFinancingTradeLeg,AccruedInterestAmountTransactionCurrency,SecuritiesFinancingTradeLeg-AccruedInterestAmountTransactionCurrency,sftl,2024Q4V2
SecuritiesFinancingTradeLeg,CarryingAmountDebitCreditIndicator,SecuritiesFinancingTradeLeg-CarryingAmountDebitCreditIndicator,sftl,2024Q4V2
SecuritiesFinancingTradeLeg,CarryingAmountRcoa,SecuritiesFinancingTradeLeg-CarryingAmountRcoa,sftl,2024Q4V2
SecuritiesFinancingTradeLeg,CarryingAmountReportingAmount,SecuritiesFinancingTradeLeg-CarryingAmountReportingAmount,sftl,2024Q4V2
SecuritiesFinancingTradeLeg,CarryingAmountReportingCurrency,SecuritiesFinancingTradeLeg-CarryingAmountReportingCurrency,sftl,2024Q4V2
SecuritiesFinancingTradeLeg,CarryingAmountTransactionAmount,SecuritiesFinancingTradeLeg-CarryingAmountTransactionAmount,sftl,2024Q4V2
SecuritiesFinancingTradeLeg,CarryingAmountTransactionCurrency,SecuritiesFinancingTradeLeg-CarryingAmountTransactionCurrency,sftl,2024Q4V2
SecuritiesFinancingTradeLeg,DebitCreditIndicator,SecuritiesFinancingTradeLeg-DebitCreditIndicator,sftl,2024Q4V2
SecuritiesFinancingTradeLeg,Ifrs9ClassificationAndMeasurement,SecuritiesFinancingTradeLeg-Ifrs9ClassificationAndMeasurement,sftl,2024Q4V2
SecuritiesFinancingTradeLeg,NominalAmountLcoa,SecuritiesFinancingTradeLeg-NominalAmountLcoa,sftl,2024Q4V2
SecuritiesFinancingTradeLeg,NominalAmountLocalFALedgerChartOfAccounts,SecuritiesFinancingTradeLeg-NominalAmountLocalFALedgerChartOfAccounts,sftl,2024Q4V2
SecuritiesFinancingTradeLeg,NominalAmountRcoa,SecuritiesFinancingTradeLeg-NominalAmountRcoa,sftl,2024Q4V2
SecuritiesFinancingTradeLeg,NominalAmountReportingAmount,SecuritiesFinancingTradeLeg-NominalAmountReportingAmount,sftl,2024Q4V2
SecuritiesFinancingTradeLeg,NominalAmountReportingCurrency,SecuritiesFinancingTradeLeg-NominalAmountReportingCurrency,sftl,2024Q4V2
SecuritiesFinancingTradeLeg,NominalAmountTransactionAmount,SecuritiesFinancingTradeLeg-NominalAmountTransactionAmount,sftl,2024Q4V2
SecuritiesFinancingTradeLeg,NominalAmountTransactionCurrency,SecuritiesFinancingTradeLeg-NominalAmountTransactionCurrency,sftl,2024Q4V2
SecuritiesFinancingTradeLeg,SecuritiesFinancingProductSubtype,SecuritiesFinancingTradeLeg-SecuritiesFinancingProductSubtype,sftl,2024Q4V2
SecuritiesFinancingTradeLeg,SecuritiesFinancingTrade,SecuritiesFinancingTradeLeg-SecuritiesFinancingTrade,sftl,2024Q4V2
SecuritiesFinancingTradeLeg,SecuritiesFinancingTradeLegIdentifier,SecuritiesFinancingTradeLeg-SecuritiesFinancingTradeLegIdentifier,sftl,2024Q4V2
SecuritiesFinancingTradeLeg,SecurityCode,SecuritiesFinancingTradeLeg-SecurityCode,sftl,2024Q4V2
SecuritiesFinancingTradeLeg,SecurityCodeType,SecuritiesFinancingTradeLeg-SecurityCodeType,sftl,2024Q4V2
SecuritiesFinancingTradeLeg,SourceSystemIdentifier,SecuritiesFinancingTradeLeg-SourceSystemIdentifier,sftl,2024Q4V2
SecuritiesFinancingTrade,MaturityDate,SecuritiesFinancingTrade-MaturityDate,sft,2024Q4V2
SecuritiesFinancingTrade,Recourse,SecuritiesFinancingTrade-Recourse,sft,2024Q4V2
SecuritiesFinancingTrade,RepaymentMethod,SecuritiesFinancingTrade-RepaymentMethod,sft,2024Q4V2
SecuritiesFinancingTrade,SecuritiesFinancingProductType,SecuritiesFinancingTrade-SecuritiesFinancingProductType,sft,2024Q4V2
SecuritiesFinancingTrade,SecuritiesFinancingTradeIdentifier,SecuritiesFinancingTrade-SecuritiesFinancingTradeIdentifier,sft,2024Q4V2
SecuritiesFinancingTrade,SettlementDate,SecuritiesFinancingTrade-SettlementDate,sft,2024Q4V2
SecuritiesFinancingTrade,SourceSystemIdentifier,SecuritiesFinancingTrade-SourceSystemIdentifier,sft,2024Q4V2
SecuritiesFinancingTrade,Subordinated,SecuritiesFinancingTrade-Subordinated,sft,2024Q4V2
SecuritiesFinancingTrade,TradeDate,SecuritiesFinancingTrade-TradeDate,sft,2024Q4V2
