PORTFOLIO;LAST_PERFORMING_MODEL;LastPerformingModel;count
ABN AMRO Commercial Finance;PSMENL03;STD;55
ABN AMRO Commercial Finance;PSMENL04;STD;17
ABN AMRO Commercial Finance;PMCPNL03;STD;11
ABN AMRO Commercial Finance;PSTDWW01;STD;9
ABN AMRO Commercial Finance;PSTDWW02;STD;8
ABN AMRO Commercial Finance;PPMRNL02;STD;2
ABN AMRO Commercial Finance;PGCRWW03;STD;2
ABN AMRO Commercial Finance;PPPCNL02;STD;2
ABN AMRO Commercial Finance;PPMRNL03;STD;2
ABN AMRO Commercial Finance;PLCRWW04;STD;1
ABN AMRO Commercial Finance;PDCRNL07;STD;1
ABN AMRO Commercial Finance;SME;STD;1
Agriteam Zuid-West;PDCRNL04;STD;1
BU NL CC HGF;PDCRNL05;STD;2
BU NL CC HGF;PLCRWW01;STD;1
BU NL CC Midden;PGRAWW00;STD;8
BU NL CC Midden;PDCRNL04;STD;3
BU NL CC Midden;PDCRNL00;STD;3
BU NL CC Midden;PGRAWW00;PGSMWW00;3
BU NL CC Midden;PDCRNL05;STD;2
BU NL CC Midden;PDCRNL00;PGSMWW00;1
BU NL CC Noord Oost;PGRAWW00;PGSMWW00;7
BU NL CC Noord Oost;PDCRNL00;STD;5
BU NL CC Noord Oost;PDCRNL05;STD;4
BU NL CC Noord Oost;PDCRNL06;STD;1
BU NL CC Noord Oost;PDCRNL04;STD;1
BU NL CC Noord Oost;PGRAWW00;STD;1
BU NL CC Noord West;PMCPNL03;STD;2
BU NL CC Noord West;PSTDWW01;STD;1
BU NL CC Noord West;PGCRWW02;STD;1
BU NL CC Noord West;PGRAWW00;STD;1
BU NL CC Noord West;PDCRNL05;STD;1
BU NL CC Public Sector;PGRAWW00;STD;4
BU NL CC Public Sector;PDCRNL00;STD;1
BU NL CC Public Sector;PHCNNL02;STD;1
BU NL CC Zuid;PGRAWW00;STD;3
BU NL CC Zuid;PGRAWW00;PGSMWW00;1
BU NL CC Zuid;PSMENL04;STD;1
BU NL CC Zuid;PDCRNL00;STD;1
BU NL CC Zuid;PDCRNL01;STD;1
BU NL CC Zuid;PDCRNL04;STD;1
BU NL CC Zuid West;PGCRWW01;STD;15
BU NL CC Zuid West;PGRAWW00;STD;9
BU NL CC Zuid West;PMCPNL03;STD;9
BU NL CC Zuid West;PDCRNL00;STD;6
BU NL CC Zuid West;PDCRNL06;STD;5
BU NL CC Zuid West;PSMENL03;STD;3
BU NL CC Zuid West;PGCRWW02;STD;2
BU NL CC Zuid West;PDCRNL04;STD;1
BU NL CC Zuid West;PDCRNL05;STD;1
BU NL CC Zuid West;PSMENL04;STD;1
BU NL CC Zuid West;PSMEBE03;STD;1
BU NL CC Zuid West;PSTDWW02;STD;1
BU NL CC Zuid West;PSTDWW01;STD;1
BU NL FRR CC;PGCRWW03;STD;396
BU NL FRR CC;PGRAWW00;STD;119
BU NL FRR CC;PDCRNL06;STD;92
BU NL FRR CC;PGCRWW02;STD;48
BU NL FRR CC;PDCRNL05;STD;32
BU NL FRR CC;PFRRWW01;STD;25
BU NL FRR CC;PDCRNL00;STD;15
BU NL FRR CC;PGRAWW00;PGSMWW00;13
BU NL FRR CC;PGSMWW03;STD;10
BU NL FRR CC;PMCPNL03;STD;9
BU NL FRR CC;PSURWW05;STD;8
BU NL FRR CC;PGCRWW01;STD;7
BU NL FRR CC;PSTDWW01;STD;2
BU NL FRR CC;PPBMWW01;STD;1
BU NL FRR CC;PDCRNL00;PGSMWW00;1
BU NL FRR CC;PSTDWW02;STD;1
BU NL FRR CC;PDCRNL04;STD;1
BU NL FRR CC;PSMENL03;STD;1
BU NL FRR CC;PPRIWW05;STD;1
BU NL FRR CC;PSURNL02;STD;1
BU NL FRR CC;PNMAWW01;STD;1
BU NL FRR CC;PPRIWW00;STD;1
BU NL FRR CC Public Banking;PLCRWW04;STD;14
BU NL FRR CC Public Banking;PPUBNL07;STD;8
BU NL FRR CC Public Banking;PGCRWW03;STD;7
BU NL FRR CC Public Banking;PPUBNL09;STD;7
BU NL FRR CC Public Banking;PPUBNL10;STD;2
BU NL FRR CC Public Banking;PHCNNL02;STD;1
BU NL FRR CC Real Estate Clients;PCREWW07;STD;25
BU NL FRR CC Real Estate Clients;PGCRWW03;STD;3
BU NL FRR CC Real Estate Clients;PDCRNL04;STD;1
BU NL FRR ECT;PLCRWW02;STD;5
BU NL FRR ECT;PGCRWW01;STD;2
BU NL FRR ECT;PLCRWW01;STD;2
BU NL FRR ECT;PGSMWW03;STD;1
BU NL FRR ECT;PGCGWW04;STD;1
BU NL FRR ECT;PMASWW02;STD;1
BU NL FRR ECT;PSHPWW02;STD;1
BU NL FRR ECT;PGSMWW02;STD;1
BU NL FRR ECT Commodities;PLCRWW04;STD;8
BU NL FRR ECT Commodities;PGCGWW04;STD;5
BU NL FRR ECT Commodities;PGCGWW03;STD;1
BU NL FRR ECT Commodities;PLCRWW01;STD;1
BU NL FRR ECT Commodities;PGCGWW05;STD;1
BU NL FRR ECT Commodities;PLCRWW03;STD;1
BU NL FRR ECT Energy;PONGWW03;STD;7
BU NL FRR ECT Energy;PLCRWW04;STD;6
BU NL FRR ECT Energy;PGCRWW01;STD;5
BU NL FRR ECT Energy;PLCRWW03;STD;3
BU NL FRR ECT Energy;PGCRWW03;STD;3
BU NL FRR ECT Energy;PCFPWW04;STD;1
BU NL FRR ECT Energy;PGSMWW03;STD;1
BU NL FRR ECT Energy;PLCRWW02;STD;1
BU NL FRR ECT Maintenance;PGCGWW02;STD;1
BU NL FRR ECT Maintenance;PGSMWW03;STD;1
BU NL FRR ECT Natural Resources;PLCRWW04;STD;3
BU NL FRR ECT Natural Resources;PGCGWW05;STD;2
BU NL FRR ECT Recovery;PLCRWW03;STD;18
BU NL FRR ECT Recovery;PLCRWW04;STD;10
BU NL FRR ECT Recovery;PLCRWW02;STD;9
BU NL FRR ECT Recovery;PGCGWW04;STD;8
BU NL FRR ECT Recovery;PGSMWW03;STD;7
BU NL FRR ECT Recovery;PGCGWW03;STD;6
BU NL FRR ECT Recovery;PGCRWW02;STD;3
BU NL FRR ECT Recovery;PGCRWW03;STD;3
BU NL FRR ECT Recovery;PGCGWW05;STD;3
BU NL FRR ECT Recovery;PGCRWW01;STD;2
BU NL FRR ECT Recovery;PICOWW01;STD;2
BU NL FRR ECT Recovery;PGCGWW02;STD;2
BU NL FRR ECT Recovery;PGSMWW02;STD;1
BU NL FRR ECT Recovery;PCFPWW01;STD;1
BU NL FRR ECT Recovery;PSHPWW01;STD;1
BU NL FRR ECT Recovery;PONGWW03;STD;1
BU NL FRR ECT Recovery;PGCGWW01;STD;1
BU NL FRR ECT Recovery;PCFPWW02;STD;1
BU NL FRR ECT Recovery;PLCRWW01;STD;1
BU NL FRR ECT Transportation;PGCRWW03;STD;30
BU NL FRR ECT Transportation;PLCRWW03;STD;24
BU NL FRR ECT Transportation;PGCRWW02;STD;10
BU NL FRR ECT Transportation;PLCRWW04;STD;8
BU NL FRR ECT Transportation;PGCRWW01;STD;7
BU NL FRR ECT Transportation;PLCRWW02;STD;6
BU NL FRR ECT Transportation;PSHPWW03;STD;1
BU NL FRR ECT Transportation Confidential3;PGCRWW02;STD;1
BU NL FRR ECT Transportation Confidential7;PGCRWW02;STD;8
BU NL FRR ECT Transportation Confidential7;PLCRWW04;STD;1
BU NL FRR International;PGRAWW00;STD;5
BU NL FRR LC;PGCRWW01;STD;13
BU NL FRR LC;PLCRWW02;STD;5
BU NL FRR LC Debt Solutions;PGCRWW03;STD;1
BU NL FRR LC Debt Solutions;PGSSWW06;STD;1
BU NL FRR LC Debt Solutions;PCFPWW04;STD;1
BU NL FRR LC Financial Institutions;PBNKWW09;STD;1
BU NL FRR LC Large Corporates;PLCRWW04;STD;191
BU NL FRR LC Large Corporates;PGCRWW03;STD;18
BU NL FRR LC Large Corporates;PGCRWW01;STD;6
BU NL FRR LC Large Corporates;PPUBNL10;STD;2
BU NL FRR LC Large Corporates;PLCRWW03;STD;2
BU NL FRR LC Large Corporates;PCFPWW04;STD;1
BU NL FRR LC Large Corporates;PCRPWW01;STD;1
BU NL FRR LC Large Corporates;PLCRWW02;STD;1
BU NL FRR Non Core Europe;PLCRWW04;STD;12
BU NL FRR Non Core Europe;PICOWW01;STD;4
BU NL FRR Non Core Europe;PGCGWW05;STD;4
BU NL FRR Non Core Europe;PGCRWW03;STD;3
BU NL FRR Non Core Europe;PFRRWW01;STD;1
BU NL FRR Recovery;PGCRWW03;STD;31
BU NL FRR Recovery;PDCRNL05;STD;26
BU NL FRR Recovery;PDCRNL00;STD;22
BU NL FRR Recovery;PDCRNL06;STD;20
BU NL FRR Recovery;PLCRWW02;STD;20
BU NL FRR Recovery;PSURWW05;STD;18
BU NL FRR Recovery;PGRAWW00;STD;17
BU NL FRR Recovery;PPUBNL09;STD;15
BU NL FRR Recovery;PGCRWW02;STD;15
BU NL FRR Recovery;PDCRNL04;STD;10
BU NL FRR Recovery;PSTDWW02;STD;9
BU NL FRR Recovery;PCREWW07;STD;8
BU NL FRR Recovery;PDCRNL01;STD;8
BU NL FRR Recovery;PLCRWW04;STD;7
BU NL FRR Recovery;PCREWW03;STD;5
BU NL FRR Recovery;PGCGWW03;STD;3
BU NL FRR Recovery;PFRRWW01;STD;3
BU NL FRR Recovery;PCFPWW04;STD;2
BU NL FRR Recovery;PCRPWW02;STD;2
BU NL FRR Recovery;PLCRWW01;STD;2
BU NL FRR Recovery;PCRPWW01;STD;2
BU NL FRR Recovery;PPRIWW00;STD;2
BU NL FRR Recovery;PSMENL04;STD;2
BU NL FRR Recovery;PAFIWW01;STD;2
BU NL FRR Recovery;PSTDWW01;STD;2
BU NL FRR Recovery;PMCPNL04;STD;2
BU NL FRR Recovery;PSURNL01;STD;1
BU NL FRR Recovery;PSMENL03;STD;1
BU NL FRR Recovery;PCRZWW02;STD;1
BU NL FRR Recovery;PCREWW04;STD;1
BU NL FRR Recovery;PBNKWW09;STD;1
BU NL FRR Recovery;PPBMWW02;STD;1
BU NL FRR Recovery;PKPUWW01;STD;1
BU NL FRR Recovery;PCREWW05;STD;1
BU NL FRR Recovery;PSVRWW04;STD;1
BU NL FRR Recovery;PUTIWW01;STD;1
BU NL FRR Recovery;PCREWW02;STD;1
BU NL FRR Recovery;PCREWW06;STD;1
BU NL FRR Recovery;PHCNNL02;STD;1
BU NL FRR Recovery;PGCRWW01;STD;1
BU NL FRR Recovery;PGCGWW05;STD;1
BU NL FRR Recovery;PICOWW01;STD;1
BU NL FRR Recovery;PMCPNL03;STD;1
BU NL FRR Recovery;PBNKWW02;STD;1
Bedrijven Regio Midden;PDCRNL00;STD;166
Bedrijven Regio Midden;PDCRNL05;STD;45
Bedrijven Regio Midden;PDCRNL04;STD;44
Bedrijven Regio Midden;PPRIWW00;STD;27
Bedrijven Regio Midden;PSMENL04;STD;21
Bedrijven Regio Midden;PSMENL03;STD;17
Bedrijven Regio Midden;PGCRWW03;STD;16
Bedrijven Regio Midden;PDCRNL01;STD;13
Bedrijven Regio Midden;PDCRNL06;STD;13
Bedrijven Regio Midden;PGCRWW02;STD;11
Bedrijven Regio Midden;PPRIWW02;STD;9
Bedrijven Regio Midden;PSTDWW01;STD;8
Bedrijven Regio Midden;PMCPNL03;STD;5
Bedrijven Regio Midden;PPRIWW03;STD;4
Bedrijven Regio Midden;PSTDWW02;STD;3
Bedrijven Regio Midden;PDCRNL00;PPRIWW00;2
Bedrijven Regio Midden;PFRRWW01;STD;2
Bedrijven Regio Midden;PSURNL01;STD;2
Bedrijven Regio Midden;PPRIWW04;STD;2
Bedrijven Regio Midden;PSURNL00;STD;1
Bedrijven Regio Midden;PCRSWW01;STD;1
Bedrijven Regio Midden;PPMRNL02;STD;1
Bedrijven Regio Midden;PCREWW01;STD;1
Bedrijven Regio Midden;PDFTWW01;STD;1
Bedrijven Regio Midden;PMBOWW03;STD;1
Bedrijven Regio Midden;PPPCNL02;STD;1
Bedrijven Regio Noord Oost;PDCRNL00;STD;175
Bedrijven Regio Noord Oost;PDCRNL05;STD;33
Bedrijven Regio Noord Oost;PPRIWW00;STD;32
Bedrijven Regio Noord Oost;PDCRNL04;STD;32
Bedrijven Regio Noord Oost;PSMENL04;STD;21
Bedrijven Regio Noord Oost;PGCRWW03;STD;15
Bedrijven Regio Noord Oost;PDCRNL06;STD;14
Bedrijven Regio Noord Oost;PDCRNL01;STD;12
Bedrijven Regio Noord Oost;PSMENL03;STD;5
Bedrijven Regio Noord Oost;PPRIWW02;STD;4
Bedrijven Regio Noord Oost;PMBONL01;STD;4
Bedrijven Regio Noord Oost;PCREWW01;STD;3
Bedrijven Regio Noord Oost;PMBONL00;STD;3
Bedrijven Regio Noord Oost;PGCRWW02;STD;3
Bedrijven Regio Noord Oost;PSURNL00;STD;3
Bedrijven Regio Noord Oost;PMBOWW03;STD;2
Bedrijven Regio Noord Oost;PGCRWW01;STD;2
Bedrijven Regio Noord Oost;PSURNL01;STD;2
Bedrijven Regio Noord Oost;PSTDWW02;STD;2
Bedrijven Regio Noord Oost;PPRIWW03;STD;2
Bedrijven Regio Noord Oost;PSURWW05;STD;1
Bedrijven Regio Noord Oost;PLCRWW04;STD;1
Bedrijven Regio Noord Oost;PDFTWW01;STD;1
Bedrijven Regio Noord Oost;PDCRNL06;PFRRWW01;1
Bedrijven Regio Noord Oost;PMCPNL03;STD;1
Bedrijven Regio Noord Oost;PDCRNL05;PFRRWW01;1
Bedrijven Regio Noord Oost;PPMRNL03;STD;1
Bedrijven Regio Noord West;PDCRNL00;STD;187
Bedrijven Regio Noord West;PDCRNL04;STD;47
Bedrijven Regio Noord West;PGCRWW03;STD;33
Bedrijven Regio Noord West;PDCRNL05;STD;32
Bedrijven Regio Noord West;PDCRNL06;STD;26
Bedrijven Regio Noord West;PSMENL03;STD;22
Bedrijven Regio Noord West;PDCRNL01;STD;22
Bedrijven Regio Noord West;PPRIWW00;STD;22
Bedrijven Regio Noord West;PSMENL04;STD;15
Bedrijven Regio Noord West;PPRIWW07;STD;9
Bedrijven Regio Noord West;PMCPNL03;STD;8
Bedrijven Regio Noord West;PGCRWW02;STD;7
Bedrijven Regio Noord West;PPRIWW06;STD;6
Bedrijven Regio Noord West;PPRIWW02;STD;6
Bedrijven Regio Noord West;PDFTWW01;STD;4
Bedrijven Regio Noord West;PPBMWW01;STD;3
Bedrijven Regio Noord West;PSTDWW02;STD;3
Bedrijven Regio Noord West;PFRRWW01;STD;3
Bedrijven Regio Noord West;PSURNL01;STD;2
Bedrijven Regio Noord West;PPMRNL03;STD;2
Bedrijven Regio Noord West;PPPCNL02;STD;2
Bedrijven Regio Noord West;PPRIWW03;STD;2
Bedrijven Regio Noord West;PMBOWW03;STD;2
Bedrijven Regio Noord West;PSURWW05;STD;2
Bedrijven Regio Noord West;PPRIWW05;STD;1
Bedrijven Regio Noord West;PPPCNL01;STD;1
Bedrijven Regio Noord West;PSTDWW01;STD;1
Bedrijven Regio Noord West;SME;STD;1
Bedrijven Regio Noord West;PGCRWW01;STD;1
Bedrijven Regio Noord West;PPBMWW02;STD;1
Bedrijven Regio Overig;PDCRNL05;STD;5
Bedrijven Regio Overig;PDCRNL04;STD;1
Bedrijven Regio Overig;PGCRWW02;STD;1
Bedrijven Regio Overig;PDCRNL06;STD;1
Bedrijven Regio Overig;PDCRNL00;STD;1
Bedrijven Regio Zuid;PDCRNL00;STD;221
Bedrijven Regio Zuid;PGCRWW03;STD;51
Bedrijven Regio Zuid;PDCRNL04;STD;45
Bedrijven Regio Zuid;PDCRNL05;STD;43
Bedrijven Regio Zuid;PPRIWW00;STD;32
Bedrijven Regio Zuid;PDCRNL06;STD;21
Bedrijven Regio Zuid;PSMENL04;STD;19
Bedrijven Regio Zuid;PGCRWW02;STD;14
Bedrijven Regio Zuid;PSMENL03;STD;13
Bedrijven Regio Zuid;PDCRNL01;STD;8
Bedrijven Regio Zuid;PPRIWW02;STD;5
Bedrijven Regio Zuid;PPRIWW07;STD;5
Bedrijven Regio Zuid;PMCPNL03;STD;4
Bedrijven Regio Zuid;PSURNL00;STD;4
Bedrijven Regio Zuid;PPRIWW03;STD;4
Bedrijven Regio Zuid;PSTDWW02;STD;4
Bedrijven Regio Zuid;PPRIWW04;STD;3
Bedrijven Regio Zuid;PMBONL00;STD;3
Bedrijven Regio Zuid;PFRRWW01;STD;2
Bedrijven Regio Zuid;PPPCNL02;STD;2
Bedrijven Regio Zuid;PSTDWW01;STD;2
Bedrijven Regio Zuid;PGCRWW01;STD;2
Bedrijven Regio Zuid;PDFTWW01;PPRIWW00;2
Bedrijven Regio Zuid;PPRIWW06;STD;2
Bedrijven Regio Zuid;PMBOWW03;STD;1
Bedrijven Regio Zuid;PSURNL02;STD;1
Bedrijven Regio Zuid;PPMRNL03;STD;1
Bedrijven Regio Zuid;PSURWW05;STD;1
Bedrijven Regio Zuid;PDFTWW01;PSURNL00;1
Bedrijven Regio Zuid;PSURNL01;STD;1
Bedrijven Regio Zuid;PPMRNL02;STD;1
Bedrijven Regio Zuid;PPBMWW01;STD;1
Bedrijven Regio Zuid;PMBONL01;STD;1
Bedrijven Regio Zuid;PDCRNL05;PFRRWW01;1
Bedrijven Regio Zuid West;PGCRWW03;STD;53
Bedrijven Regio Zuid West;PDCRNL06;STD;10
Bedrijven Regio Zuid West;PGCRWW02;STD;7
Bedrijven Regio Zuid West;PDCRNL00;STD;4
Bedrijven Regio Zuid West;PMBOWW03;STD;4
Bedrijven Regio Zuid West;PDCRNL05;STD;2
Bedrijven Regio Zuid West;PGCRWW01;STD;2
Bedrijven Regio Zuid West;PSURWW05;STD;2
Bedrijven Regio Zuid West;PDCRNL04;STD;1
Bedrijven Zeeland;PFRRWW01;STD;1
C&IB FI EMB;PBNKWW09;STD;1
C&IB FI Europe;PNMAWW01;STD;1
C&IB FI Infrastructure;PGRAWW00;STD;1
C&IB FI Infrastructure;PICOWW01;STD;1
C&MB CBI Germany;PDCRNL04;STD;1
C&MB CBI United Kingdom;PGCRWW03;STD;2
CB FSPM Event Finance;PGCRWW03;STD;4
CBC BSS Specials;PGCRWW02;STD;1
CBC Business Services;PFRRWW01;STD;1
CBC Construction;PGCRWW03;STD;5
CBC Construction;PDCRNL05;STD;1
CBC Food;PGCRWW03;STD;13
CBC Food;PLCRWW04;STD;6
CBC Food;PGCRWW02;STD;1
CBC Healthcare;PPUBNL09;STD;1
CBC Healthcare;PDCRNL05;STD;1
CBC Leisure;PGCRWW03;STD;7
CBC Manufacturing;PGCRWW03;STD;14
CBC Manufacturing;PLCRWW02;STD;1
CBC Real Estate;PGCRWW03;STD;3
CBC Real Estate;PCREWW05;STD;2
CBC Real Estate;PCREWW07;STD;1
CBC Real Estate;PSTDWW02;STD;1
CBC Real Estate;PFRRWW01;STD;1
CBC Retail;PGCRWW02;STD;7
CBC Retail;PGCRWW03;STD;5
CBC Retail;PMCPNL04;STD;1
CBC Tech Media&Telecom;PGCRWW02;STD;9
CBC Tech Media&Telecom;PGCRWW03;STD;4
CBC Transport&Logistics;PGCRWW03;STD;5
CBC Transport&Logistics;PMCPNL03;STD;1
CBC Transport&Logistics;PSMENL03;STD;1
CBC Transport&Logistics;PDCRNL01;STD;1
CBC Transport&Logistics;PDCRNL00;STD;1
CIB CFB T&L Transportation Greece;PGCRWW01;STD;5
CIB CFB T&L Transportation Intermodal NewYork;PCFPWW04;STD;1
CIB CFB T&L Transportation N Europe;PLCRWW03;STD;5
CIB CFB T&L Transportation N Europe;PLCRWW02;STD;1
CIB CFB T&L Transportation Oslo;PLCRWW04;STD;2
CIB CFB T&L Transportation S Europe;PLCRWW03;STD;1
CIB Corporate Lending ALF;PGCRWW03;STD;1
CIB Corporate Lending EMEA;PGCRWW03;STD;68
CIB Corporate Lending EMEA;PLCRWW04;STD;34
CIB Corporate Lending EMEA;PPUBNL10;STD;6
CIB Corporate Lending EMEA;PCFPWW04;STD;5
CIB Corporate Lending EMEA;PLCRWW03;STD;5
CIB Corporate Lending EMEA;PCREWW07;STD;3
CIB Corporate Lending EMEA;PDCRNL00;STD;2
CIB Corporate Lending EMEA;PLCRWW02;STD;1
CIB Corporate Lending EMEA;PGCRWW02;STD;1
CIB Corporate Lending EMEA;PGSSWW06;STD;1
CIB NR Energy Dallas;PONGWW03;STD;55
CIB NR Energy Dallas;PONGWW02;STD;9
CIB NR Energy NewYork;PLCRWW04;STD;5
CIB NR Energy NewYork;PLCRWW03;STD;5
CIB NR Energy NewYork;PLCRWW01;STD;2
CIB NR Energy Oslo;PLCRWW03;STD;1
CIB NR Energy Singapore;PGCRWW03;STD;8
CIB NR Energy Singapore;PGCRWW01;STD;1
CIB NR Energy Singapore;PLCRWW04;STD;1
CIB Non Core Europe;PGCRWW01;STD;5
CIB Non Core Europe;PLCRWW03;STD;5
CIB Non Core Europe;PLCRWW04;STD;3
CIB Non Core Europe;PLCRWW02;STD;2
CIB Non Core Europe;PGSMWW02;STD;2
CIB Non Core Europe;PIBKWW08;STD;1
CIB Non Core Europe;PDCRNL05;STD;1
CIB SF Project Finance;PCFPWW04;STD;1
CIB SF Subdebt;PONGWW02;STD;1
CIB TCF Agri Singapore;PLCRWW03;STD;14
CIB TCF E&M NewYork ;PGCGWW04;STD;1
ECT Commodities Agri Rotterdam;PGCGWW01;STD;1
ECT Commodities Agri SaoPaulo;PNMAWW03;STD;1
ECT Commodities Agri Singapore;PLCRWW03;STD;3
ECT Commodities Agri Singapore;PGSMWW03;STD;1
ECT Commodities Energy Amsterdam;PGCGWW01;STD;1
ECT Commodities Energy Dubai;PGCGWW01;STD;1
ECT Commodities Energy NewYork;PGCGWW04;STD;3
ECT Commodities Metals Dubai;PGCGWW03;STD;1
ECT Commodities Metals Dubai;PGCGWW02;STD;1
ECT Commodities Metals HongKong;PGCGWW04;STD;1
ECT Commodities Metals Rotterdam;PGCGWW04;STD;1
ECT Commodities Metals Rotterdam;PGCGWW02;STD;1
ECT Energy Dallas;PONGWW02;STD;5
ECT Energy Dallas;PONGWW03;STD;2
ECT Energy NewYork;PLCRWW03;STD;2
ECT Transportation Athens;PGCRWW01;STD;1
ECT Transportation Netherlands - South Europe;PLCRWW01;STD;1
ECT Transportation Oslo;PNMAWW04;STD;1
ECT Transportation Singapore;PLCRWW01;STD;15
ECT Transportation Singapore;PGCRWW02;STD;2
FCF Belgium;PSMRBE02;STD;52
FCF Belgium;PSTDWW02;STD;2
FCF Belgium;PSTDWW01;PSMEBE03;1
FCF Denmark;PSMRDK02;STD;2
FCF France;PSMEFR03;STD;10
FCF France;PSTDWW02;STD;1
FCF France;PSMEFR04;STD;1
FCF Germany;PSMRDE02;STD;3
FCF UK;PSMRGB02;STD;1
FR&R;PGCRWW03;STD;756
FR&R;PDCRNL00;STD;263
FR&R;PDCRNL06;STD;256
FR&R;PDCRNL05;STD;111
FR&R;PGCRWW02;STD;84
FR&R;PDCRNL04;STD;79
FR&R;PSMENL03;STD;60
FR&R;PSMENL04;STD;51
FR&R;PPRIWW07;STD;39
FR&R;PPRIWW06;STD;28
FR&R;PMBOWW03;STD;26
FR&R;PGCRWW01;STD;23
FR&R;PPRIWW05;STD;21
FR&R;PPRIWW04;STD;21
FR&R;PDCRNL01;STD;20
FR&R;PMCPNL03;STD;19
FR&R;PPRIWW00;STD;18
FR&R;PSTDWW02;STD;15
FR&R;PPRIWW03;STD;13
FR&R;PPRIWW02;STD;10
FR&R;PSURWW05;STD;9
FR&R;PFRRWW01;STD;8
FR&R;PSTDWW01;STD;5
FR&R;PMBONL01;STD;5
FR&R;PSURNL00;STD;4
FR&R;PDFTWW01;STD;4
FR&R;SME;STD;4
FR&R;PPPCNL02;STD;4
FR&R;PPBMWW01;STD;3
FR&R;PSURNL02;STD;2
FR&R;PPMRNL02;STD;2
FR&R;PPUBNL10;STD;2
FR&R;PPMRNL03;STD;2
FR&R;PMR;STD;2
FR&R;PMBONL00;STD;2
FR&R;PSURWW03;STD;1
FR&R;PKPUWW01;STD;1
FR&R;PMCPBE03;STD;1
FR&R;PSMEBE03;STD;1
FR&R;PMCPNL04;STD;1
FR&R;PPPCNL02;PFRRWW01;1
FR&R;PMBOWW02;STD;1
FR&R;PLCRWW04;STD;1
FR&R;PCRZWW01;STD;1
FR&R;PDCRNL07;STD;1
FR&R Recovery;PDCRNL06;STD;1
FRR PC Germany Bethmann;PGRAWW00;STD;7
FRR PC Germany Bethmann;PPRIWW05;STD;5
FRR PC Germany Bethmann;PPRIWW07;STD;5
FRR PC Germany Bethmann;PPRIWW00;STD;4
FRR PC Germany Bethmann;PGSMWW02;STD;3
FRR PC Germany Bethmann;PPRIWW02;STD;3
FRR PC Germany Bethmann;PPRIWW06;STD;2
FRR PC Germany Bethmann;PPRIWW04;STD;2
FRR PC Germany Bethmann;PGRAWW00;PPRIWW00;1
FRR PC Germany Bethmann;PPRIWW03;STD;1
FRR PC Germany Bethmann;PGCRWW01;STD;1
FRR PC Germany Bethmann;PGCRWW02;STD;1
FRR PC Germany Bethmann;PGRAWW00;PGSMWW00;1
FRR PC Germany Bethmann;PGCRWW03;STD;1
FRR PC Germany Bethmann;PPRIWW00;PGSMWW00;1
FRR PC Germany Bethmann;PPBPWW02;STD;1
ID&JG Belgium;PDIAWW00;STD;13
ID&JG Belgium;PGRAWW00;STD;12
ID&JG Belgium;PDIAWW04;STD;12
ID&JG Belgium;PGRAWW00;PGSMWW00;8
ID&JG Belgium;PDIAWW02;STD;6
ID&JG Belgium;PDIAWW03;STD;4
ID&JG Belgium;PDIAWW00;PGSMWW00;3
ID&JG Belgium;PDIAWW01;STD;2
ID&JG Belgium;PPRIWW00;PGSMWW00;1
ID&JG Hong Kong;PDIAWW04;STD;2
ID&JG Hong Kong;PDIAWW00;STD;1
ID&JG Hong Kong;PGRAWW00;PGSMWW00;1
ID&JG Hong Kong;PDIAWW02;STD;1
ID&JG India RBS;PDIAWW00;STD;4
ID&JG India RBS;PGRAWW00;STD;3
ID&JG India RBS;PDIAWW00;PGRAWW00;2
ID&JG India RBS;PGRAWW00;PGSMWW00;1
ID&JG India RBS;PDIAWW02;STD;1
ID&JG India RBS;PDIAWW03;STD;1
ID&JG North America;PDIAWW00;PGSMWW00;7
ID&JG North America;PDIAWW00;STD;5
ID&JG North America;PGRAWW00;STD;2
ID&JG North America;PGRAWW00;PGSMWW00;2
ID&JG North America;PDIAWW02;STD;1
ID&JG Switzerland;PDIAWW00;PGSMWW00;2
ID&JG UAE;PDIAWW04;STD;18
ID&JG UAE;PLCRWW04;STD;1
ID&JG UAE;PDIAWW02;STD;1
LCMB Asset Based Real Estate;PSTDWW02;STD;3
LCMB Asset Based Real Estate;PCREWW02;STD;3
LCMB Asset Based Real Estate;PPBMWW01;STD;2
LCMB Asset Based Real Estate;PKPOWW01;STD;2
LCMB Asset Based Real Estate;PCRPWW02;STD;1
LCMB Asset Based Real Estate;PCREWW03;STD;1
LCMB Asset Based Real Estate;PMCPNL03;STD;1
LCMB Asset Based Real Estate;PCREWW01;STD;1
LCMB Asset Based Real Estate;PSTDWW01;STD;1
LCMB CRPM A&LF;PAFIWW01;STD;1
LCMB CRPM A&LF;PMCPNL03;STD;1
LCMB CRPM Rotterdam;PDCRNL05;STD;1
LCMB Corporate Real Estate;PCRPWW01;STD;1
LCMB DS A&LF;PFSIWW02;STD;1
LCMB DS A&LF;PAFIWW02;STD;1
LCMB DS A&LF;PAFIWW01;STD;1
LCMB DS GEPF;PNMAWW01;STD;1
LCMB FI Banks NL;PBNKWW02;STD;13
LCMB FI Banks NL;PSVRWW02;STD;1
LCMB FI Banks NL;PIBKWW01;STD;1
LCMB FI NBFI NL;PSMENL03;STD;31
LCMB FI NBFI NL;PMCPNL03;STD;9
LCMB FI NBFI NL;PBNKWW02;STD;1
LCMB FI NBFI NL;PNMAWW01;STD;1
LCMB FI NBFI NL;PPUBBE01;STD;1
LCMB FI NBFI NL;PSTDWW01;STD;1
LCMB FI NBFI NL;PKPUWW01;STD;1
LCMB FI NBFI NL;PSVRWW02;STD;1
LCMB FI NBFI NL;PPMRNL02;STD;1
LCMB FI NBFI NL;PIBKWW01;STD;1
LCMB FI NBFI NL;PCREWW01;STD;1
LCMB FI NBFI NL;PFBKWW01;STD;1
MKB/VB-team DH Voorburg;PPPCNL02;STD;27
MKB/VB-team DH Voorburg;PSMENL03;STD;25
MKB/VB-team DH Voorburg;PSTDWW01;STD;11
MKB/VB-team DH Voorburg;PPMRNL03;STD;9
MKB/VB-team DH Voorburg;PPPCNL01;STD;6
MKB/VB-team DH Voorburg;PPMRNL02;STD;6
MKB/VB-team DH Voorburg;PSTDWW02;STD;6
MKB/VB-team DH Voorburg;PSMENL04;STD;4
MKB/VB-team DH Voorburg;PMR;STD;3
MKB/VB-team NM Groningen;PSMENL03;STD;11
MKB/VB-team NM Groningen;PPPCNL02;STD;6
MKB/VB-team NM Groningen;PSTDWW01;STD;3
MKB/VB-team NM Groningen;PPMRNL03;STD;2
MKB/VB-team NM Groningen;PSTDWW02;STD;2
MKB/VB-team NM Groningen;PPPCNL01;STD;1
MKB/VB-team NM Groningen;PPRIWW04;STD;1
MKB/VB-team NM Utrecht;PSMENL03;STD;24
MKB/VB-team NM Utrecht;PPPCNL02;STD;18
MKB/VB-team NM Utrecht;PSTDWW01;STD;13
MKB/VB-team NM Utrecht;PPMRNL02;STD;11
MKB/VB-team NM Utrecht;PSTDWW02;STD;10
MKB/VB-team NM Utrecht;PSMENL04;STD;4
MKB/VB-team NM Utrecht;PPMRNL03;STD;4
MKB/VB-team NM Utrecht;PPPCNL01;STD;3
MKB/VB-team NM Utrecht;PMR;STD;1
MKB/VB-team NM Utrecht;PMCPNL03;STD;1
MKB/VB-team NM Zwolle;PPPCNL02;STD;28
MKB/VB-team NM Zwolle;PSMENL03;STD;20
MKB/VB-team NM Zwolle;PSTDWW01;STD;14
MKB/VB-team NM Zwolle;PSTDWW02;STD;12
MKB/VB-team NM Zwolle;PSMENL04;STD;8
MKB/VB-team NM Zwolle;PMR;STD;4
MKB/VB-team NM Zwolle;PPMRNL02;STD;4
MKB/VB-team NM Zwolle;PPMRNL03;STD;3
MKB/VB-team NW  Amsterdam;PPPCNL02;STD;47
MKB/VB-team NW  Amsterdam;PSMENL03;STD;15
MKB/VB-team NW  Amsterdam;PPMRNL02;STD;14
MKB/VB-team NW  Amsterdam;PSTDWW01;STD;13
MKB/VB-team NW  Amsterdam;PSMENL04;STD;9
MKB/VB-team NW  Amsterdam;PPMRNL03;STD;9
MKB/VB-team NW  Amsterdam;PSTDWW02;STD;6
MKB/VB-team NW  Amsterdam;PPPCNL01;STD;4
MKB/VB-team NW  Amsterdam;PMR;STD;4
MKB/VB-team NW Alkmaar;PSMENL03;STD;4
MKB/VB-team NW Alkmaar;PPPCNL02;STD;4
MKB/VB-team NW Alkmaar;PPMRNL03;STD;1
MKB/VB-team NW Alkmaar;PSTDWW01;STD;1
MKB/VB-team NW Alkmaar;PSTDWW02;STD;1
MKB/VB-team NW Alkmaar;PPMRNL02;STD;1
MKB/VB-team Rdam Schiedam;PPPCNL02;STD;24
MKB/VB-team Rdam Schiedam;PSMENL03;STD;18
MKB/VB-team Rdam Schiedam;PSTDWW01;STD;10
MKB/VB-team Rdam Schiedam;PSMENL04;STD;9
MKB/VB-team Rdam Schiedam;PPMRNL02;STD;2
MKB/VB-team Rdam Schiedam;PPPCNL01;STD;1
MKB/VB-team Rdam Schiedam;PSTDWW02;STD;1
MKB/VB-team Rdam Schiedam;PPMRNL03;STD;1
MKB/VB-team Rdam Schiedam;PMR;STD;1
MKB/VB-team Zuid Breda;PPPCNL02;STD;15
MKB/VB-team Zuid Breda;PSMENL03;STD;7
MKB/VB-team Zuid Breda;PSMENL04;STD;7
MKB/VB-team Zuid Breda;PSTDWW01;STD;4
MKB/VB-team Zuid Breda;PPMRNL02;STD;3
MKB/VB-team Zuid Breda;PPMRNL03;STD;2
MKB/VB-team Zuid Breda;PSTDWW02;STD;2
MKB/VB-team Zuid Eindhoven;PSMENL03;STD;25
MKB/VB-team Zuid Eindhoven;PPPCNL02;STD;19
MKB/VB-team Zuid Eindhoven;PSMENL04;STD;16
MKB/VB-team Zuid Eindhoven;PSTDWW02;STD;9
MKB/VB-team Zuid Eindhoven;PSTDWW01;STD;9
MKB/VB-team Zuid Eindhoven;PPMRNL03;STD;6
MKB/VB-team Zuid Eindhoven;PPMRNL02;STD;4
MKB/VB-team Zuid Eindhoven;PPPCNL01;STD;2
MKB/VB-team Zuid Eindhoven;PMR;STD;1
MKB/VB-team Zuid Eindhoven;PDCRNL05;STD;1
NGM France Banque Neuflize OBC Entreprises;PGCRWW03;STD;152
NGM France Banque Neuflize OBC Entreprises;PGRAWW00;STD;151
NGM France Banque Neuflize OBC Entreprises;PGSMWW00;STD;61
NGM France Banque Neuflize OBC Entreprises;PGSMWW02;STD;56
NGM France Banque Neuflize OBC Entreprises;PGSMWW03;STD;40
NGM France Banque Neuflize OBC Entreprises;PPRIWW07;STD;34
NGM France Banque Neuflize OBC Entreprises;PGCRWW02;STD;25
NGM France Banque Neuflize OBC Entreprises;PGCRWW01;STD;10
NGM France Banque Neuflize OBC Entreprises;PPRIWW03;STD;9
NGM France Banque Neuflize OBC Entreprises;PPRIWW06;STD;8
NGM France Banque Neuflize OBC Entreprises;PPRIWW04;STD;8
NGM France Banque Neuflize OBC Entreprises;PGRAWW00;PGSMWW00;8
NGM France Banque Neuflize OBC Entreprises;PPRIWW02;STD;7
NGM France Banque Neuflize OBC Entreprises;PPRIWW05;STD;6
NGM France Banque Neuflize OBC Entreprises;PPRIWW00;STD;5
NGM France Banque Neuflize OBC Entreprises;PSURWW05;STD;5
NGM France Banque Neuflize OBC Entreprises;PLCRWW00;STD;4
NGM France Banque Neuflize OBC Entreprises;PLCRWW04;STD;3
NGM France Banque Neuflize OBC Entreprises;PGSMWW01;STD;2
NGM France Banque Neuflize OBC Entreprises;PSURNL02;STD;2
NGM France Banque Neuflize OBC Entreprises;PSURWW03;STD;2
NGM France Banque Neuflize OBC Entreprises;PGRAWW00;PLCRWW00;1
NGM France Banque Neuflize OBC Entreprises;PPRIWW00;PGSMWW00;1
NGM France Banque Neuflize OBC Entreprises;PSURWW04;STD;1
No Entity Available;PGRAWW00;STD;27
No Entity Available;PGRAWW00;PGSMWW00;23
No Entity Available;PPRIWW00;STD;13
No Entity Available;PDCRNL00;STD;9
No Entity Available;PGSMWW00;STD;7
No Entity Available;PDIAWW00;STD;5
No Entity Available;PSMENL03;STD;1
No Entity Available;PMBONL00;STD;1
Onbekend;PDCRNL00;STD;6
Onbekend;PSMENL04;STD;1
Onbekend;PSURNL00;STD;1
PB NL Regio Midden Zuid;PPBMWW01;STD;21
PB NL Regio Midden Zuid;PPRIWW00;STD;9
PB NL Regio Midden Zuid;PPRIWW07;STD;9
PB NL Regio Midden Zuid;PPRIWW03;STD;7
PB NL Regio Midden Zuid;PPRIWW02;STD;6
PB NL Regio Midden Zuid;PDCRNL05;STD;5
PB NL Regio Midden Zuid;PDCRNL00;STD;4
PB NL Regio Midden Zuid;PDCRNL01;STD;2
PB NL Regio Midden Zuid;PPBMWW02;STD;2
PB NL Regio Midden Zuid;PPRIWW06;STD;1
PB NL Regio Midden Zuid;PDCRNL04;STD;1
PB NL Regio Midden Zuid;PPRIWW04;STD;1
PB NL Regio Midden Zuid;PBM;STD;1
PB NL Regio Noord;PPBMWW01;STD;15
PB NL Regio Noord;PPRIWW07;STD;13
PB NL Regio Noord;PPRIWW03;STD;4
PB NL Regio Noord;PDCRNL00;STD;3
PB NL Regio Noord;PPRIWW06;STD;2
PB NL Regio Noord;PPRIWW00;STD;2
PB NL Regio Noord;PDCRNL06;STD;2
PB NL Regio Noord;PPBMWW02;STD;1
PB NL Regio Noord;PPRIWW02;STD;1
PB NL Regio Noord;PPRIWW04;STD;1
PB NL Regio PWM;PPBMWW01;STD;8
PB NL Regio PWM;PPRIWW07;STD;3
PB NL Regio PWM;PGCRWW03;STD;1
PB NL Regio PWM;PPRIWW00;STD;1
PB NL Regio PWM;PPBPWW02;STD;1
PB NL Regio PWM;PDCRNL05;STD;1
PB NL Regio PWM;PPRIWW03;STD;1
PB NL Regio Zuid West;PPBMWW01;STD;30
PB NL Regio Zuid West;PPRIWW07;STD;11
PB NL Regio Zuid West;PGCRWW03;STD;7
PB NL Regio Zuid West;PDCRNL00;STD;3
PB NL Regio Zuid West;PBM;STD;3
PB NL Regio Zuid West;PPBMWW02;STD;3
PB NL Regio Zuid West;PPRIWW05;STD;2
PB NL Regio Zuid West;PPRIWW03;STD;2
PB NL Regio Zuid West;PPRIWW02;STD;2
PB NL Regio Zuid West;PPRIWW00;STD;2
PB NL Regio Zuid West;PPRIWW04;STD;1
PB NL Regio Zuid West;PPBPWW01;STD;1
PB NL Regio Zuid West;PDCRNL05;STD;1
PB NL Regio Zuid West;PDCRNL04;STD;1
PB NL Regio Zuid West;PGCRWW02;STD;1
PB NL Regio Zuid West;PPRIWW06;STD;1
PBI Belgium;PPRIWW07;STD;29
PBI Belgium;PGCRWW03;STD;15
PBI Belgium;PPRIWW02;STD;7
PBI Belgium;PGRAWW00;STD;3
PBI Belgium;PPRIWW05;STD;2
PBI Belgium;PPRIWW04;STD;2
PBI Belgium;PPRIWW00;STD;2
PBI Belgium;PPRIWW00;PGSMWW00;1
PBI Belgium;PGSMWW00;STD;1
PBI Belgium;PGSMWW02;STD;1
PBI Belgium;PPRIWW03;STD;1
PBI Belgium;PGSMWW03;STD;1
PBI PWM Belgium;PPRIWW07;STD;2
PBI PWM Belgium;PGCRWW03;STD;1
PC Curacao Offshore MPC;PPBMWW01;STD;3
PC Curacao Onshore MPNA;PPBMWW02;STD;1
PC Curacao Onshore MPNA;PPBMWW01;STD;1
PC France Banque Neuflize OBC;PPRIWW07;STD;122
PC France Banque Neuflize OBC;PPRIWW00;STD;53
PC France Banque Neuflize OBC;PGRAWW00;STD;51
PC France Banque Neuflize OBC;PPRIWW02;STD;31
PC France Banque Neuflize OBC;PGCRWW03;STD;30
PC France Banque Neuflize OBC;PPRIWW03;STD;19
PC France Banque Neuflize OBC;PPRIWW05;STD;18
PC France Banque Neuflize OBC;PPRIWW06;STD;18
PC France Banque Neuflize OBC;PPRIWW04;STD;16
PC France Banque Neuflize OBC;PGRAWW00;PGSMWW00;7
PC France Banque Neuflize OBC;PGSMWW03;STD;4
PC France Banque Neuflize OBC;PPRIWW00;PGSMWW00;4
PC France Banque Neuflize OBC;PGCRWW02;STD;4
PC France Banque Neuflize OBC;PSURWW05;STD;1
PC France Banque Neuflize OBC;PSURNL02;STD;1
PC France Banque Neuflize OBC;PGSMWW02;STD;1
PC France Banque Neuflize OBC;PGSMWW00;STD;1
PC France Banque Neuflize OBC StaffLoans;PGRAWW00;STD;1
PC Germany Bethmann;PGCRWW03;STD;2
PC Germany Bethmann;PGRAWW00;PGSMWW00;2
PC Germany Bethmann;PGRAWW00;STD;1
PC Germany Bethmann;PPRIWW00;PGSMWW00;1
PC Germany Bethmann;PGRAWW00;PPRIWW00;1
PC HongKong PRCTeamA;PPBPWW04;STD;1
PC HongKong TeamA;PPRIWW00;PGSMWW00;1
PC Jersey;PPRIWW02;STD;5
PC Jersey;PPRIWW00;STD;2
PC Jersey;PPRIWW05;STD;2
PC Jersey;PPRIWW04;STD;2
PC Singapore;PGRAWW00;STD;1
PC Singapore SporeTeam;PGSMWW02;STD;3
PC UAE;PPRIWW05;STD;4
PC UAE;PPRIWW03;STD;2
PC UAE;PPRIWW00;PGSMWW00;2
PC UAE;PDIAWW00;PGSMWW00;1
PC UAE;PPRIWW02;STD;1
PC UAE;PGRAWW00;STD;1
PD Calculation Playground FI;PBNKWW02;STD;1
Principal Finance;GCG;STD;1
Project Finance London;PLCRWW01;STD;2
Project Finance London;PAFIWW01;STD;1
RB Intensive Care and Recovery;PPBMWW01;STD;1
RB Intensive Care and Recovery;PPRIWW02;STD;1
RB Intensive Care and Recovery;PPPCNL02;STD;1
RB Intensive Care and Recovery;PPRIWW03;STD;1
RB Intensive Care and Recovery;PDCRNL04;STD;1
RB Ondernemersdesk;PPPCNL02;STD;4
Retail Regio Centrale Verkoop;PPRIWW07;STD;1
Retail Regio Noord;PPRIWW07;STD;3
Retail Regio Noord;PPRIWW04;STD;2
Retail Regio Noord;PDCRNL05;STD;1
Retail Regio Noord;PDCRNL06;STD;1
Retail Regio Noord;PGCRWW03;STD;1
Retail Regio Overig;PPBMWW01;STD;1
Retail Regio West;PPRIWW07;STD;4
Retail Regio West;PPRIWW04;STD;2
Retail Regio Zuid;PPRIWW06;STD;2
Retail Regio Zuid;PPRIWW03;STD;1
