exemption_condition_id,exemption_id,exemption_name,basel_approach,ec_model_input_indicator,exmp_intercompany_flag,actual_intercompany_flag,reporting_entity_match,product_type_match,cpty_type_match,intercompany_match
100,ICO,Intercompany,STD,N,Y,Y,WILDCARD,WILDCARD,WILDCARD,MATCH
473,NPL_PPU_SOV_NHG,NPL PPU SOV Nationale Hypotheek Garantie,STD,Y,*,Y,WILDCARD,WILDCARD,WILDCARD,WILDCARD
476,NPL_PPU_COM,PPU3_Commodities ,STD,N,*,Y,WILDCARD,WILDCARD,WILDCARD,WILDCARD
477,NPL_PPU_COM,PPU3_Commodities ,STD,N,*,Y,WILDCARD,WILDCARD,WILDCARD,WILDCARD
481,NPL_PPU_DIA,PPU3_Diamonds ,STD,N,*,Y,WILDCARD,WILDCARD,WILDCARD,WILDCARD
482,NPL_PPU_DIA,PPU3_Diamonds ,STD,N,*,Y,WILDCARD,WILDCARD,WILDCARD,WILDCARD
483,NPL_PPU_DIA,PPU3_Diamonds ,STD,N,*,Y,WILDCARD,WILDCARD,WILDCARD,WILDCARD
484,NPL_PPU_DIA,PPU3_Diamonds ,STD,N,*,Y,WILDCARD,WILDCARD,WILDCARD,WILDCARD
485,NPL_PPU_DIA,PPU3_Diamonds ,STD,N,*,Y,WILDCARD,WILDCARD,WILDCARD,WILDCARD
486,NPL_PPU_DIA,PPU3_Diamonds ,STD,N,*,Y,WILDCARD,WILDCARD,WILDCARD,WILDCARD
487,NPL_PPU_DIA,PPU3_Diamonds ,STD,N,*,Y,WILDCARD,WILDCARD,WILDCARD,WILDCARD
488,NPL_PPU_DIA,PPU3_Diamonds ,STD,N,*,Y,WILDCARD,WILDCARD,WILDCARD,WILDCARD
489,NPL_PPU_DIA,PPU3_Diamonds ,STD,N,*,Y,WILDCARD,WILDCARD,WILDCARD,WILDCARD
490,NPL_PPU_DIA,PPU3_Diamonds ,STD,N,*,Y,WILDCARD,WILDCARD,WILDCARD,WILDCARD
491,NPL_PPU_DIA,PPU3_Diamonds ,STD,N,*,Y,WILDCARD,WILDCARD,WILDCARD,WILDCARD
492,NPL_PPU_DIA,PPU3_Diamonds ,STD,N,*,Y,WILDCARD,WILDCARD,WILDCARD,WILDCARD
493,NPL_PPU_DIA,PPU3_Diamonds ,STD,N,*,Y,WILDCARD,WILDCARD,WILDCARD,WILDCARD
494,NPL_PPU_DIA,PPU3_Diamonds ,STD,N,*,Y,WILDCARD,WILDCARD,WILDCARD,WILDCARD
495,NPL_PPU_DIA,PPU3_Diamonds ,STD,N,*,Y,WILDCARD,WILDCARD,WILDCARD,WILDCARD
496,NPL_PPU_DIA,PPU3_Diamonds ,STD,N,*,Y,WILDCARD,WILDCARD,WILDCARD,WILDCARD
497,NPL_PPU_DIA,PPU3_Diamonds ,STD,N,*,Y,WILDCARD,WILDCARD,WILDCARD,WILDCARD
498,NPL_PPU_DIA,PPU3_Diamonds ,STD,N,*,Y,WILDCARD,WILDCARD,WILDCARD,WILDCARD
499,NPL_PPU_DIA,PPU3_Diamonds ,STD,N,*,Y,WILDCARD,WILDCARD,WILDCARD,WILDCARD
500,NPL_PPU_DIA,PPU3_Diamonds ,STD,N,*,Y,WILDCARD,WILDCARD,WILDCARD,WILDCARD
501,NPL_PPU_DIA,PPU3_Diamonds ,STD,N,*,Y,WILDCARD,WILDCARD,WILDCARD,WILDCARD
502,NPL_PPU_DIA,PPU3_Diamonds ,STD,N,*,Y,WILDCARD,WILDCARD,WILDCARD,WILDCARD
503,NPL_PPU_DIA,PPU3_Diamonds ,STD,N,*,Y,WILDCARD,WILDCARD,WILDCARD,WILDCARD
504,NPL_PPU_DIA,PPU3_Diamonds ,STD,N,*,Y,WILDCARD,WILDCARD,WILDCARD,WILDCARD
505,NPL_PPU_DIA,PPU3_Diamonds ,STD,N,*,Y,WILDCARD,WILDCARD,WILDCARD,WILDCARD
506,NPL_PPU_DIA,PPU3_Diamonds ,STD,N,*,Y,WILDCARD,WILDCARD,WILDCARD,WILDCARD
507,NPL_PPU_DIA,PPU3_Diamonds ,STD,N,*,Y,WILDCARD,WILDCARD,WILDCARD,WILDCARD
508,NPL_PPU_DIA,PPU3_Diamonds ,STD,N,*,Y,WILDCARD,WILDCARD,WILDCARD,WILDCARD
509,NPL_PPU_DIA,PPU3_Diamonds ,STD,N,*,Y,WILDCARD,WILDCARD,WILDCARD,WILDCARD
510,NPL_PPU_DIA,PPU3_Diamonds ,STD,N,*,Y,WILDCARD,WILDCARD,WILDCARD,WILDCARD
511,NPL_PPU_DIA,PPU3_Diamonds ,STD,N,*,Y,WILDCARD,WILDCARD,WILDCARD,WILDCARD
512,NPL_PPU_DIA,PPU3_Diamonds ,STD,N,*,Y,WILDCARD,WILDCARD,WILDCARD,WILDCARD
513,NPL_PPU_DIA,PPU3_Diamonds ,STD,N,*,Y,WILDCARD,WILDCARD,WILDCARD,WILDCARD
514,NPL_PPU_DIA,PPU3_Diamonds ,STD,N,*,Y,WILDCARD,WILDCARD,WILDCARD,WILDCARD
515,NPL_PPU_DIA,PPU3_Diamonds ,STD,N,*,Y,WILDCARD,WILDCARD,WILDCARD,WILDCARD
516,NPL_PPU_DIA,PPU3_Diamonds ,STD,N,*,Y,WILDCARD,WILDCARD,WILDCARD,WILDCARD
517,NPL_PPU_DIA,PPU3_Diamonds ,STD,N,*,Y,WILDCARD,WILDCARD,WILDCARD,WILDCARD
518,NPL_PPU_DIA,PPU3_Diamonds ,STD,N,*,Y,WILDCARD,WILDCARD,WILDCARD,WILDCARD
519,NPL_PPU_DIA,PPU3_Diamonds ,STD,N,*,Y,WILDCARD,WILDCARD,WILDCARD,WILDCARD
520,NPL_PPU_DIA,PPU3_Diamonds ,STD,N,*,Y,WILDCARD,WILDCARD,WILDCARD,WILDCARD
521,NPL_PPU_DIA,PPU3_Diamonds ,STD,N,*,Y,WILDCARD,WILDCARD,WILDCARD,WILDCARD
522,NPL_PPU_DIA,PPU3_Diamonds ,STD,N,*,Y,WILDCARD,WILDCARD,WILDCARD,WILDCARD
523,NPL_PPU_DIA,PPU3_Diamonds ,STD,N,*,Y,WILDCARD,WILDCARD,WILDCARD,WILDCARD
524,NPL_PPU_DIA,PPU3_Diamonds ,STD,N,*,Y,WILDCARD,WILDCARD,WILDCARD,WILDCARD
525,NPL_PPU_DIA,PPU3_Diamonds ,STD,N,*,Y,WILDCARD,WILDCARD,WILDCARD,WILDCARD
526,NPL_PPU_DIA,PPU3_Diamonds ,STD,N,*,Y,WILDCARD,WILDCARD,WILDCARD,WILDCARD
527,NPL_PPU_DIA,PPU3_Diamonds ,STD,N,*,Y,WILDCARD,WILDCARD,WILDCARD,WILDCARD
528,NPL_PPU_DIA,PPU3_Diamonds ,STD,N,*,Y,WILDCARD,WILDCARD,WILDCARD,WILDCARD
529,NPL_PPU_DIA,PPU3_Diamonds ,STD,N,*,Y,WILDCARD,WILDCARD,WILDCARD,WILDCARD
530,NPL_PPU_DIA,PPU3_Diamonds ,STD,N,*,Y,WILDCARD,WILDCARD,WILDCARD,WILDCARD
531,NPL_PPU_DIA,PPU3_Diamonds ,STD,N,*,Y,WILDCARD,WILDCARD,WILDCARD,WILDCARD
532,NPL_PPU_DIA,PPU3_Diamonds ,STD,N,*,Y,WILDCARD,WILDCARD,WILDCARD,WILDCARD
533,NPL_PPU_DIA,PPU3_Diamonds ,STD,N,*,Y,WILDCARD,WILDCARD,WILDCARD,WILDCARD
534,NPL_PPU_DIA,PPU3_Diamonds ,STD,N,*,Y,WILDCARD,WILDCARD,WILDCARD,WILDCARD
535,NPL_PPU_DIA,PPU3_Diamonds ,STD,N,*,Y,WILDCARD,WILDCARD,WILDCARD,WILDCARD
536,NPL_PPU_DIA,PPU3_Diamonds ,STD,N,*,Y,WILDCARD,WILDCARD,WILDCARD,WILDCARD
537,NPL_PPU_DIA,PPU3_Diamonds ,STD,N,*,Y,WILDCARD,WILDCARD,WILDCARD,WILDCARD
538,NPL_PPU_DIA,PPU3_Diamonds ,STD,N,*,Y,WILDCARD,WILDCARD,WILDCARD,WILDCARD
539,NPL_PPU_DIA,PPU3_Diamonds ,STD,N,*,Y,WILDCARD,WILDCARD,WILDCARD,WILDCARD
540,NPL_PPU_DIA,PPU3_Diamonds ,STD,N,*,Y,WILDCARD,WILDCARD,WILDCARD,WILDCARD
541,NPL_PPU_DIA,PPU3_Diamonds ,STD,N,*,Y,WILDCARD,WILDCARD,WILDCARD,WILDCARD
542,NPL_PPU_DIA,PPU3_Diamonds ,STD,N,*,Y,WILDCARD,WILDCARD,WILDCARD,WILDCARD
543,NPL_PPU_DIA,PPU3_Diamonds ,STD,N,*,Y,WILDCARD,WILDCARD,WILDCARD,WILDCARD
544,NPL_PPU_DIA,PPU3_Diamonds ,STD,N,*,Y,WILDCARD,WILDCARD,WILDCARD,WILDCARD
545,NPL_PPU_DIA,PPU3_Diamonds ,STD,N,*,Y,WILDCARD,WILDCARD,WILDCARD,WILDCARD
546,NPL_PPU_DIA,PPU3_Diamonds ,STD,N,*,Y,WILDCARD,WILDCARD,WILDCARD,WILDCARD
547,NPL_PPU_DIA,PPU3_Diamonds ,STD,N,*,Y,WILDCARD,WILDCARD,WILDCARD,WILDCARD
548,NPL_PPU_DIA,PPU3_Diamonds ,STD,N,*,Y,WILDCARD,WILDCARD,WILDCARD,WILDCARD
549,NPL_PPU_DIA,PPU3_Diamonds ,STD,N,*,Y,WILDCARD,WILDCARD,WILDCARD,WILDCARD
550,NPL_PPU_DIA,PPU3_Diamonds ,STD,N,*,Y,WILDCARD,WILDCARD,WILDCARD,WILDCARD
551,NPL_PPU_DIA,PPU3_Diamonds ,STD,N,*,Y,WILDCARD,WILDCARD,WILDCARD,WILDCARD
552,NPL_PPU_DIA,PPU3_Diamonds ,STD,N,*,Y,WILDCARD,WILDCARD,WILDCARD,WILDCARD
553,NPL_PPU_DIA,PPU3_Diamonds ,STD,N,*,Y,WILDCARD,WILDCARD,WILDCARD,WILDCARD
554,NPL_PPU_DIA,PPU3_Diamonds ,STD,N,*,Y,WILDCARD,WILDCARD,WILDCARD,WILDCARD
555,NPL_PPU_DIA,PPU3_Diamonds ,STD,N,*,Y,WILDCARD,WILDCARD,WILDCARD,WILDCARD
556,NPL_PPU_DIA,PPU3_Diamonds ,STD,N,*,Y,WILDCARD,WILDCARD,WILDCARD,WILDCARD
557,NPL_PPU_DIA,PPU3_Diamonds ,STD,N,*,Y,WILDCARD,WILDCARD,WILDCARD,WILDCARD
558,NPL_PPU_DIA,PPU3_Diamonds ,STD,N,*,Y,WILDCARD,WILDCARD,WILDCARD,WILDCARD
559,NPL_PPU_DIA,PPU3_Diamonds ,STD,N,*,Y,WILDCARD,WILDCARD,WILDCARD,WILDCARD
560,NPL_PPU_DIA,PPU3_Diamonds ,STD,N,*,Y,WILDCARD,WILDCARD,WILDCARD,WILDCARD
561,NPL_PPU_DIA,PPU3_Diamonds ,STD,N,*,Y,WILDCARD,WILDCARD,WILDCARD,WILDCARD
562,NPL_PPU_DIA,PPU3_Diamonds ,STD,N,*,Y,WILDCARD,WILDCARD,WILDCARD,WILDCARD
563,NPL_PPU_DIA,PPU3_Diamonds ,STD,N,*,Y,WILDCARD,WILDCARD,WILDCARD,WILDCARD
564,NPL_PPU_DIA,PPU3_Diamonds ,STD,N,*,Y,WILDCARD,WILDCARD,WILDCARD,WILDCARD
565,NPL_PPU_DIA,PPU3_Diamonds ,STD,N,*,Y,WILDCARD,WILDCARD,WILDCARD,WILDCARD
566,NPL_PPU_DIA,PPU3_Diamonds ,STD,N,*,Y,WILDCARD,WILDCARD,WILDCARD,WILDCARD
567,NPL_PPU_DIA,PPU3_Diamonds ,STD,N,*,Y,WILDCARD,WILDCARD,WILDCARD,WILDCARD
568,NPL_PPU_DIA,PPU3_Diamonds ,STD,N,*,Y,WILDCARD,WILDCARD,WILDCARD,WILDCARD
569,NPL_PPU_DIA,PPU3_Diamonds ,STD,N,*,Y,WILDCARD,WILDCARD,WILDCARD,WILDCARD
570,NPL_PPU_DIA,PPU3_Diamonds ,STD,N,*,Y,WILDCARD,WILDCARD,WILDCARD,WILDCARD
571,NPL_PPU_DIA,PPU3_Diamonds ,STD,N,*,Y,WILDCARD,WILDCARD,WILDCARD,WILDCARD
572,NPL_PPU_DIA,PPU3_Diamonds ,STD,N,*,Y,WILDCARD,WILDCARD,WILDCARD,WILDCARD
573,NPL_PPU_DIA,PPU3_Diamonds ,STD,N,*,Y,WILDCARD,WILDCARD,WILDCARD,WILDCARD
574,NPL_PPU_DIA,PPU3_Diamonds ,STD,N,*,Y,WILDCARD,WILDCARD,WILDCARD,WILDCARD
575,NPL_PPU_DIA,PPU3_Diamonds ,STD,N,*,Y,WILDCARD,WILDCARD,WILDCARD,WILDCARD
576,NPL_PPU_DIA,PPU3_Diamonds ,STD,N,*,Y,WILDCARD,WILDCARD,WILDCARD,WILDCARD
577,NPL_PPU_DIA,PPU3_Diamonds ,STD,N,*,Y,WILDCARD,WILDCARD,WILDCARD,WILDCARD
578,NPL_PPU_DIA,PPU3_Diamonds ,STD,N,*,Y,WILDCARD,WILDCARD,WILDCARD,WILDCARD
579,NPL_PPU_DIA,PPU3_Diamonds ,STD,N,*,Y,WILDCARD,WILDCARD,WILDCARD,WILDCARD
580,NPL_PPU_DIA,PPU3_Diamonds ,STD,N,*,Y,WILDCARD,WILDCARD,WILDCARD,WILDCARD
581,NPL_PPU_DIA,PPU3_Diamonds ,STD,N,*,Y,WILDCARD,WILDCARD,WILDCARD,WILDCARD
582,NPL_PPU_DIA,PPU3_Diamonds ,STD,N,*,Y,WILDCARD,WILDCARD,WILDCARD,WILDCARD
583,NPL_PPU_DIA,PPU3_Diamonds ,STD,N,*,Y,WILDCARD,WILDCARD,WILDCARD,WILDCARD
584,NPL_PPU_DIA,PPU3_Diamonds ,STD,N,*,Y,WILDCARD,WILDCARD,WILDCARD,WILDCARD
585,NPL_PPU_DIA,PPU3_Diamonds ,STD,N,*,Y,WILDCARD,WILDCARD,WILDCARD,WILDCARD
586,NPL_PPU_DIA,PPU3_Diamonds ,STD,N,*,Y,WILDCARD,WILDCARD,WILDCARD,WILDCARD
587,NPL_PPU_DIA,PPU3_Diamonds ,STD,N,*,Y,WILDCARD,WILDCARD,WILDCARD,WILDCARD
588,NPL_PPU_DIA,PPU3_Diamonds ,STD,N,*,Y,WILDCARD,WILDCARD,WILDCARD,WILDCARD
589,NPL_PPU_DIA,PPU3_Diamonds ,STD,N,*,Y,WILDCARD,WILDCARD,WILDCARD,WILDCARD
590,NPL_PPU_DIA,PPU3_Diamonds ,STD,N,*,Y,WILDCARD,WILDCARD,WILDCARD,WILDCARD
591,NPL_PPU_DIA,PPU3_Diamonds ,STD,N,*,Y,WILDCARD,WILDCARD,WILDCARD,WILDCARD
592,NPL_PPU_DIA,PPU3_Diamonds ,STD,N,*,Y,WILDCARD,WILDCARD,WILDCARD,WILDCARD
593,NPL_PPU_DIA,PPU3_Diamonds ,STD,N,*,Y,WILDCARD,WILDCARD,WILDCARD,WILDCARD
594,NPL_PPU_DIA,PPU3_Diamonds ,STD,N,*,Y,WILDCARD,WILDCARD,WILDCARD,WILDCARD
595,NPL_PPU_DIA,PPU3_Diamonds ,STD,N,*,Y,WILDCARD,WILDCARD,WILDCARD,WILDCARD
596,NPL_PPU_DIA,PPU3_Diamonds ,STD,N,*,Y,WILDCARD,WILDCARD,WILDCARD,WILDCARD
597,NPL_PPU_DIA,PPU3_Diamonds ,STD,N,*,Y,WILDCARD,WILDCARD,WILDCARD,WILDCARD
598,NPL_PPU_DIA,PPU3_Diamonds ,STD,N,*,Y,WILDCARD,WILDCARD,WILDCARD,WILDCARD
599,NPL_PPU_DIA,PPU3_Diamonds ,STD,N,*,Y,WILDCARD,WILDCARD,WILDCARD,WILDCARD
600,NPL_PPU_DIA,PPU3_Diamonds ,STD,N,*,Y,WILDCARD,WILDCARD,WILDCARD,WILDCARD
601,NPL_PPU_DIA,PPU3_Diamonds ,STD,N,*,Y,WILDCARD,WILDCARD,WILDCARD,WILDCARD
602,NPL_PPU_DIA,PPU3_Diamonds ,STD,N,*,Y,WILDCARD,WILDCARD,WILDCARD,WILDCARD
603,NPL_PPU_DIA,PPU3_Diamonds ,STD,N,*,Y,WILDCARD,WILDCARD,WILDCARD,WILDCARD
604,NPL_PPU_DIA,PPU3_Diamonds ,STD,N,*,Y,WILDCARD,WILDCARD,WILDCARD,WILDCARD
605,NPL_PPU_DIA,PPU3_Diamonds ,STD,N,*,Y,WILDCARD,WILDCARD,WILDCARD,WILDCARD
606,NPL_PPU_DIA,PPU3_Diamonds ,STD,N,*,Y,WILDCARD,WILDCARD,WILDCARD,WILDCARD
607,NPL_PPU_DIA,PPU3_Diamonds ,STD,N,*,Y,WILDCARD,WILDCARD,WILDCARD,WILDCARD
608,NPL_PPU_DIA,PPU3_Diamonds ,STD,N,*,Y,WILDCARD,WILDCARD,WILDCARD,WILDCARD
609,NPL_PPU_DIA,PPU3_Diamonds ,STD,N,*,Y,WILDCARD,WILDCARD,WILDCARD,WILDCARD
610,NPL_PPU_DIA,PPU3_Diamonds ,STD,N,*,Y,WILDCARD,WILDCARD,WILDCARD,WILDCARD
611,NPL_PPU_DIA,PPU3_Diamonds ,STD,N,*,Y,WILDCARD,WILDCARD,WILDCARD,WILDCARD
612,NPL_PPU_DIA,PPU3_Diamonds ,STD,N,*,Y,WILDCARD,WILDCARD,WILDCARD,WILDCARD
750,EBA list,EBA list exemption,STD,Y,*,Y,WILDCARD,WILDCARD,WILDCARD,WILDCARD
751,EBA list,EBA list exemption,STD,Y,*,Y,WILDCARD,WILDCARD,WILDCARD,WILDCARD
752,EBA list,EBA list exemption,STD,Y,*,Y,WILDCARD,WILDCARD,WILDCARD,WILDCARD
753,EBA list,EBA list exemption,STD,Y,*,Y,WILDCARD,WILDCARD,WILDCARD,WILDCARD
754,EBA list,EBA list exemption,STD,Y,*,Y,WILDCARD,WILDCARD,WILDCARD,WILDCARD
755,EBA list,EBA list exemption,STD,Y,*,Y,WILDCARD,WILDCARD,WILDCARD,WILDCARD
756,EBA list,EBA list exemption,STD,Y,*,Y,WILDCARD,WILDCARD,WILDCARD,WILDCARD
757,EBA list,EBA list exemption,STD,Y,*,Y,WILDCARD,WILDCARD,WILDCARD,WILDCARD
758,EBA list,EBA list exemption,STD,Y,*,Y,WILDCARD,WILDCARD,WILDCARD,WILDCARD
759,EBA list,EBA list exemption,STD,Y,*,Y,WILDCARD,WILDCARD,WILDCARD,WILDCARD
760,EBA list,EBA list exemption,STD,Y,*,Y,WILDCARD,WILDCARD,WILDCARD,WILDCARD
761,EBA list,EBA list exemption,STD,Y,*,Y,WILDCARD,WILDCARD,WILDCARD,WILDCARD
762,EBA list,EBA list exemption,STD,Y,*,Y,WILDCARD,WILDCARD,WILDCARD,WILDCARD
763,EBA list,EBA list exemption,STD,Y,*,Y,WILDCARD,WILDCARD,WILDCARD,WILDCARD
764,EBA list,EBA list exemption,STD,Y,*,Y,WILDCARD,WILDCARD,WILDCARD,WILDCARD
765,EBA list,EBA list exemption,STD,Y,*,Y,WILDCARD,WILDCARD,WILDCARD,WILDCARD
766,EBA list,EBA list exemption,STD,Y,*,Y,WILDCARD,WILDCARD,WILDCARD,WILDCARD
767,EBA list,EBA list exemption,STD,Y,*,Y,WILDCARD,WILDCARD,WILDCARD,WILDCARD
768,EBA list,EBA list exemption,STD,Y,*,Y,WILDCARD,WILDCARD,WILDCARD,WILDCARD
769,EBA list,EBA list exemption,STD,Y,*,Y,WILDCARD,WILDCARD,WILDCARD,WILDCARD
770,EBA list,EBA list exemption,STD,Y,*,Y,WILDCARD,WILDCARD,WILDCARD,WILDCARD
771,EBA list,EBA list exemption,STD,Y,*,Y,WILDCARD,WILDCARD,WILDCARD,WILDCARD
772,EBA list,EBA list exemption,STD,Y,*,Y,WILDCARD,WILDCARD,WILDCARD,WILDCARD
773,EBA list,EBA list exemption,STD,Y,*,Y,WILDCARD,WILDCARD,WILDCARD,WILDCARD
774,EBA list,EBA list exemption,STD,Y,*,Y,WILDCARD,WILDCARD,WILDCARD,WILDCARD
775,EBA list,EBA list exemption,STD,Y,*,Y,WILDCARD,WILDCARD,WILDCARD,WILDCARD
776,EBA list,EBA list exemption,STD,Y,*,Y,WILDCARD,WILDCARD,WILDCARD,WILDCARD
777,EBA list,EBA list exemption,STD,Y,*,Y,WILDCARD,WILDCARD,WILDCARD,WILDCARD
778,EBA list,EBA list exemption,STD,Y,*,Y,WILDCARD,WILDCARD,WILDCARD,WILDCARD
779,EBA list,EBA list exemption,STD,Y,*,Y,WILDCARD,WILDCARD,WILDCARD,WILDCARD
780,EBA list,EBA list exemption,STD,Y,*,Y,WILDCARD,WILDCARD,WILDCARD,WILDCARD
781,EBA list,EBA list exemption,STD,Y,*,Y,WILDCARD,WILDCARD,WILDCARD,WILDCARD
782,EBA list,EBA list exemption,STD,Y,*,Y,WILDCARD,WILDCARD,WILDCARD,WILDCARD
783,EBA list,EBA list exemption,STD,Y,*,Y,WILDCARD,WILDCARD,WILDCARD,WILDCARD
784,EBA list,EBA list exemption,STD,Y,*,Y,WILDCARD,WILDCARD,WILDCARD,WILDCARD
785,EBA list,EBA list exemption,STD,Y,*,Y,WILDCARD,WILDCARD,WILDCARD,WILDCARD
786,EBA list,EBA list exemption,STD,Y,*,Y,WILDCARD,WILDCARD,WILDCARD,WILDCARD
787,EBA list,EBA list exemption,STD,Y,*,Y,WILDCARD,WILDCARD,WILDCARD,WILDCARD
788,EBA list,EBA list exemption,STD,Y,*,Y,WILDCARD,WILDCARD,WILDCARD,WILDCARD
789,EBA list,EBA list exemption,STD,Y,*,Y,WILDCARD,WILDCARD,WILDCARD,WILDCARD
790,EBA list,EBA list exemption,STD,Y,*,Y,WILDCARD,WILDCARD,WILDCARD,WILDCARD
791,EBA list,EBA list exemption,STD,Y,*,Y,WILDCARD,WILDCARD,WILDCARD,WILDCARD
792,EBA list,EBA list exemption,STD,Y,*,Y,WILDCARD,WILDCARD,WILDCARD,WILDCARD
793,EBA list,EBA list exemption,STD,Y,*,Y,WILDCARD,WILDCARD,WILDCARD,WILDCARD
794,EBA list,EBA list exemption,STD,Y,*,Y,WILDCARD,WILDCARD,WILDCARD,WILDCARD
795,EBA list,EBA list exemption,STD,Y,*,Y,WILDCARD,WILDCARD,WILDCARD,WILDCARD
796,EBA list,EBA list exemption,STD,Y,*,Y,WILDCARD,WILDCARD,WILDCARD,WILDCARD
797,EBA list,EBA list exemption,STD,Y,*,Y,WILDCARD,WILDCARD,WILDCARD,WILDCARD
798,EBA list,EBA list exemption,STD,Y,*,Y,WILDCARD,WILDCARD,WILDCARD,WILDCARD
799,EBA list,EBA list exemption,STD,Y,*,Y,WILDCARD,WILDCARD,WILDCARD,WILDCARD
800,EBA list,EBA list exemption,STD,Y,*,Y,WILDCARD,WILDCARD,WILDCARD,WILDCARD
801,EBA list,EBA list exemption,STD,Y,*,Y,WILDCARD,WILDCARD,WILDCARD,WILDCARD
802,EBA list,EBA list exemption,STD,Y,*,Y,WILDCARD,WILDCARD,WILDCARD,WILDCARD
803,EBA list,EBA list exemption,STD,Y,*,Y,WILDCARD,WILDCARD,WILDCARD,WILDCARD
804,EBA list,EBA list exemption,STD,Y,*,Y,WILDCARD,WILDCARD,WILDCARD,WILDCARD
805,EBA list,EBA list exemption,STD,Y,*,Y,WILDCARD,WILDCARD,WILDCARD,WILDCARD
806,EBA list,EBA list exemption,STD,Y,*,Y,WILDCARD,WILDCARD,WILDCARD,WILDCARD
807,EBA list,EBA list exemption,STD,Y,*,Y,WILDCARD,WILDCARD,WILDCARD,WILDCARD
808,EBA list,EBA list exemption,STD,Y,*,Y,WILDCARD,WILDCARD,WILDCARD,WILDCARD
809,EBA list,EBA list exemption,STD,Y,*,Y,WILDCARD,WILDCARD,WILDCARD,WILDCARD
810,EBA list,EBA list exemption,STD,Y,*,Y,WILDCARD,WILDCARD,WILDCARD,WILDCARD
811,EBA list,EBA list exemption,STD,Y,*,Y,WILDCARD,WILDCARD,WILDCARD,WILDCARD
812,EBA list,EBA list exemption,STD,Y,*,Y,WILDCARD,WILDCARD,WILDCARD,WILDCARD
813,EBA list,EBA list exemption,STD,Y,*,Y,WILDCARD,WILDCARD,WILDCARD,WILDCARD
814,EBA list,EBA list exemption,STD,Y,*,Y,WILDCARD,WILDCARD,WILDCARD,WILDCARD
815,EBA list,EBA list exemption,STD,Y,*,Y,WILDCARD,WILDCARD,WILDCARD,WILDCARD
816,EBA list,EBA list exemption,STD,Y,*,Y,WILDCARD,WILDCARD,WILDCARD,WILDCARD
817,RGLA list,RGLA list exemption,STD,Y,*,Y,WILDCARD,WILDCARD,WILDCARD,WILDCARD
818,RGLA list,RGLA list exemption,STD,Y,*,Y,WILDCARD,WILDCARD,WILDCARD,WILDCARD
819,RGLA list,RGLA list exemption,STD,Y,*,Y,WILDCARD,WILDCARD,WILDCARD,WILDCARD
820,RGLA list,RGLA list exemption,STD,Y,*,Y,WILDCARD,WILDCARD,WILDCARD,WILDCARD
821,RGLA list,RGLA list exemption,STD,Y,*,Y,WILDCARD,WILDCARD,WILDCARD,WILDCARD
822,RGLA list,RGLA list exemption,STD,Y,*,Y,WILDCARD,WILDCARD,WILDCARD,WILDCARD
823,RGLA list,RGLA list exemption,STD,Y,*,Y,WILDCARD,WILDCARD,WILDCARD,WILDCARD
824,RGLA list,RGLA list exemption,STD,Y,*,Y,WILDCARD,WILDCARD,WILDCARD,WILDCARD
825,RGLA list,RGLA list exemption,STD,Y,*,Y,WILDCARD,WILDCARD,WILDCARD,WILDCARD
826,RGLA list,RGLA list exemption,STD,Y,*,Y,WILDCARD,WILDCARD,WILDCARD,WILDCARD
827,Count Guarantee list,Count Guarantee ,STD,Y,*,Y,WILDCARD,WILDCARD,WILDCARD,WILDCARD
828,Count Guarantee list,Count Guarantee ,STD,Y,*,Y,WILDCARD,WILDCARD,WILDCARD,WILDCARD
829,Count Guarantee list,Count Guarantee ,STD,Y,*,Y,WILDCARD,WILDCARD,WILDCARD,WILDCARD
830,Count Guarantee list,Count Guarantee ,STD,Y,*,Y,WILDCARD,WILDCARD,WILDCARD,WILDCARD
831,EBA list,EBA list exemption,STD,Y,*,Y,WILDCARD,WILDCARD,WILDCARD,WILDCARD
832,EBA list,EBA list exemption,STD,Y,*,Y,WILDCARD,WILDCARD,WILDCARD,WILDCARD
833,EBA list,EBA list exemption,STD,Y,*,Y,WILDCARD,WILDCARD,WILDCARD,WILDCARD
834,EBA list,EBA list exemption,STD,Y,*,Y,WILDCARD,WILDCARD,WILDCARD,WILDCARD
835,EBA list,EBA list exemption,STD,Y,*,Y,WILDCARD,WILDCARD,WILDCARD,WILDCARD
836,EBA list,EBA list exemption,STD,Y,*,Y,WILDCARD,WILDCARD,WILDCARD,WILDCARD
837,EBA list,EBA list exemption,STD,Y,*,Y,WILDCARD,WILDCARD,WILDCARD,WILDCARD
838,EBA list,EBA list exemption,STD,Y,*,Y,WILDCARD,WILDCARD,WILDCARD,WILDCARD
839,EBA list,EBA list exemption,STD,Y,*,Y,WILDCARD,WILDCARD,WILDCARD,WILDCARD
840,EBA list,EBA list exemption,STD,Y,*,Y,WILDCARD,WILDCARD,WILDCARD,WILDCARD
841,EBA list,EBA list exemption,STD,Y,*,Y,WILDCARD,WILDCARD,WILDCARD,WILDCARD
842,EBA list,EBA list exemption,STD,Y,*,Y,WILDCARD,WILDCARD,WILDCARD,WILDCARD
843,EBA list,EBA list exemption,STD,Y,*,Y,WILDCARD,WILDCARD,WILDCARD,WILDCARD
844,EBA list,EBA list exemption,STD,Y,*,Y,WILDCARD,WILDCARD,WILDCARD,WILDCARD
845,EBA list,EBA list exemption,STD,Y,*,Y,WILDCARD,WILDCARD,WILDCARD,WILDCARD
846,EBA list,EBA list exemption,STD,Y,*,Y,WILDCARD,WILDCARD,WILDCARD,WILDCARD
847,EBA list,EBA list exemption,STD,Y,*,Y,WILDCARD,WILDCARD,WILDCARD,WILDCARD
848,EBA list,EBA list exemption,STD,Y,*,Y,WILDCARD,WILDCARD,WILDCARD,WILDCARD
849,EBA list,EBA list exemption,STD,Y,*,Y,WILDCARD,WILDCARD,WILDCARD,WILDCARD
850,EBA list,EBA list exemption,STD,Y,*,Y,WILDCARD,WILDCARD,WILDCARD,WILDCARD
851,EBA list,EBA list exemption,STD,Y,*,Y,WILDCARD,WILDCARD,WILDCARD,WILDCARD
852,EBA list,EBA list exemption,STD,Y,*,Y,WILDCARD,WILDCARD,WILDCARD,WILDCARD
853,EBA list,EBA list exemption,STD,Y,*,Y,WILDCARD,WILDCARD,WILDCARD,WILDCARD
854,EBA list,EBA list exemption,STD,Y,*,Y,WILDCARD,WILDCARD,WILDCARD,WILDCARD
855,EBA list,EBA list exemption,STD,Y,*,Y,WILDCARD,WILDCARD,WILDCARD,WILDCARD
856,EBA list,EBA list exemption,STD,Y,*,Y,WILDCARD,WILDCARD,WILDCARD,WILDCARD
857,EBA list,EBA list exemption,STD,Y,*,Y,WILDCARD,WILDCARD,WILDCARD,WILDCARD
858,EBA list,EBA list exemption,STD,Y,*,Y,WILDCARD,WILDCARD,WILDCARD,WILDCARD
859,EBA list,EBA list exemption,STD,Y,*,Y,WILDCARD,WILDCARD,WILDCARD,WILDCARD
860,EBA list,EBA list exemption,STD,Y,*,Y,WILDCARD,WILDCARD,WILDCARD,WILDCARD
861,EBA list,EBA list exemption,STD,Y,*,Y,WILDCARD,WILDCARD,WILDCARD,WILDCARD
862,EBA list,EBA list exemption,STD,Y,*,Y,WILDCARD,WILDCARD,WILDCARD,WILDCARD
863,EBA list,EBA list exemption,STD,Y,*,Y,WILDCARD,WILDCARD,WILDCARD,WILDCARD
864,EBA list,EBA list exemption,STD,Y,*,Y,WILDCARD,WILDCARD,WILDCARD,WILDCARD
865,EBA list,EBA list exemption,STD,Y,*,Y,WILDCARD,WILDCARD,WILDCARD,WILDCARD
866,EBA list,EBA list exemption,STD,Y,*,Y,WILDCARD,WILDCARD,WILDCARD,WILDCARD
867,EBA list,EBA list exemption,STD,Y,*,Y,WILDCARD,WILDCARD,WILDCARD,WILDCARD
868,EBA list,EBA list exemption,STD,Y,*,Y,WILDCARD,WILDCARD,WILDCARD,WILDCARD
869,EBA list,EBA list exemption,STD,Y,*,Y,WILDCARD,WILDCARD,WILDCARD,WILDCARD
870,EBA list,EBA list exemption,STD,Y,*,Y,WILDCARD,WILDCARD,WILDCARD,WILDCARD
871,EBA list,EBA list exemption,STD,Y,*,Y,WILDCARD,WILDCARD,WILDCARD,WILDCARD
872,EBA list,EBA list exemption,STD,Y,*,Y,WILDCARD,WILDCARD,WILDCARD,WILDCARD
873,EBA list,EBA list exemption,STD,Y,*,Y,WILDCARD,WILDCARD,WILDCARD,WILDCARD
874,EBA list,EBA list exemption,STD,Y,*,Y,WILDCARD,WILDCARD,WILDCARD,WILDCARD
875,EBA list,EBA list exemption,STD,Y,*,Y,WILDCARD,WILDCARD,WILDCARD,WILDCARD
876,EBA list,EBA list exemption,STD,Y,*,Y,WILDCARD,WILDCARD,WILDCARD,WILDCARD
877,EBA list,EBA list exemption,STD,Y,*,Y,WILDCARD,WILDCARD,WILDCARD,WILDCARD
878,EBA list,EBA list exemption,STD,Y,*,Y,WILDCARD,WILDCARD,WILDCARD,WILDCARD
879,EBA list,EBA list exemption,STD,Y,*,Y,WILDCARD,WILDCARD,WILDCARD,WILDCARD
880,EBA list,EBA list exemption,STD,Y,*,Y,WILDCARD,WILDCARD,WILDCARD,WILDCARD
881,EBA list,EBA list exemption,STD,Y,*,Y,WILDCARD,WILDCARD,WILDCARD,WILDCARD
882,EBA list,EBA list exemption,STD,Y,*,Y,WILDCARD,WILDCARD,WILDCARD,WILDCARD
883,EBA list,EBA list exemption,STD,Y,*,Y,WILDCARD,WILDCARD,WILDCARD,WILDCARD
884,EBA list,EBA list exemption,STD,Y,*,Y,WILDCARD,WILDCARD,WILDCARD,WILDCARD
885,EBA list,EBA list exemption,STD,Y,*,Y,WILDCARD,WILDCARD,WILDCARD,WILDCARD
1169,Article_151_8_ECFOU,Article_151_8_EC Foundation,FOU,Y,*,Y,WILDCARD,WILDCARD,MATCH,WILDCARD
1512,Article_151_8,Article_151_8,FOU,Y,*,Y,WILDCARD,WILDCARD,MATCH,WILDCARD
1851,PICOWW01_ECFOU,PPU3_Commercial Banks PD PICO F-IRB,FOU,Y,*,Y,WILDCARD,WILDCARD,WILDCARD,WILDCARD
1000476,NPL_PPU_COM,PPU3_Commodities ,STD,N,*,Y,WILDCARD,WILDCARD,WILDCARD,WILDCARD
1000477,NPL_PPU_COM,PPU3_Commodities ,STD,N,*,Y,WILDCARD,WILDCARD,WILDCARD,WILDCARD
1000481,NPL_PPU_DIA,PPU3_Diamonds ,STD,N,*,Y,WILDCARD,WILDCARD,WILDCARD,WILDCARD
1000483,NPL_PPU_DIA,PPU3_Diamonds ,STD,N,*,Y,WILDCARD,WILDCARD,WILDCARD,WILDCARD
1000484,NPL_PPU_DIA,PPU3_Diamonds ,STD,N,*,Y,WILDCARD,WILDCARD,WILDCARD,WILDCARD
1000485,NPL_PPU_DIA,PPU3_Diamonds ,STD,N,*,Y,WILDCARD,WILDCARD,WILDCARD,WILDCARD
1000486,NPL_PPU_DIA,PPU3_Diamonds ,STD,N,*,Y,WILDCARD,WILDCARD,WILDCARD,WILDCARD
1000487,NPL_PPU_DIA,PPU3_Diamonds ,STD,N,*,Y,WILDCARD,WILDCARD,WILDCARD,WILDCARD
1000489,NPL_PPU_DIA,PPU3_Diamonds ,STD,N,*,Y,WILDCARD,WILDCARD,WILDCARD,WILDCARD
1000490,NPL_PPU_DIA,PPU3_Diamonds ,STD,N,*,Y,WILDCARD,WILDCARD,WILDCARD,WILDCARD
1000491,NPL_PPU_DIA,PPU3_Diamonds ,STD,N,*,Y,WILDCARD,WILDCARD,WILDCARD,WILDCARD
1000492,NPL_PPU_DIA,PPU3_Diamonds ,STD,N,*,Y,WILDCARD,WILDCARD,WILDCARD,WILDCARD
1000493,NPL_PPU_DIA,PPU3_Diamonds ,STD,N,*,Y,WILDCARD,WILDCARD,WILDCARD,WILDCARD
1000494,NPL_PPU_DIA,PPU3_Diamonds ,STD,N,*,Y,WILDCARD,WILDCARD,WILDCARD,WILDCARD
1000495,NPL_PPU_DIA,PPU3_Diamonds ,STD,N,*,Y,WILDCARD,WILDCARD,WILDCARD,WILDCARD
1000496,NPL_PPU_DIA,PPU3_Diamonds ,STD,N,*,Y,WILDCARD,WILDCARD,WILDCARD,WILDCARD
1000497,NPL_PPU_DIA,PPU3_Diamonds ,STD,N,*,Y,WILDCARD,WILDCARD,WILDCARD,WILDCARD
1000498,NPL_PPU_DIA,PPU3_Diamonds ,STD,N,*,Y,WILDCARD,WILDCARD,WILDCARD,WILDCARD
1000500,NPL_PPU_DIA,PPU3_Diamonds ,STD,N,*,Y,WILDCARD,WILDCARD,WILDCARD,WILDCARD
1000501,NPL_PPU_DIA,PPU3_Diamonds ,STD,N,*,Y,WILDCARD,WILDCARD,WILDCARD,WILDCARD
1000502,NPL_PPU_DIA,PPU3_Diamonds ,STD,N,*,Y,WILDCARD,WILDCARD,WILDCARD,WILDCARD
1000503,NPL_PPU_DIA,PPU3_Diamonds ,STD,N,*,Y,WILDCARD,WILDCARD,WILDCARD,WILDCARD
1000505,NPL_PPU_DIA,PPU3_Diamonds ,STD,N,*,Y,WILDCARD,WILDCARD,WILDCARD,WILDCARD
1000506,NPL_PPU_DIA,PPU3_Diamonds ,STD,N,*,Y,WILDCARD,WILDCARD,WILDCARD,WILDCARD
1000507,NPL_PPU_DIA,PPU3_Diamonds ,STD,N,*,Y,WILDCARD,WILDCARD,WILDCARD,WILDCARD
1000508,NPL_PPU_DIA,PPU3_Diamonds ,STD,N,*,Y,WILDCARD,WILDCARD,WILDCARD,WILDCARD
1000509,NPL_PPU_DIA,PPU3_Diamonds ,STD,N,*,Y,WILDCARD,WILDCARD,WILDCARD,WILDCARD
1000510,NPL_PPU_DIA,PPU3_Diamonds ,STD,N,*,Y,WILDCARD,WILDCARD,WILDCARD,WILDCARD
1000511,NPL_PPU_DIA,PPU3_Diamonds ,STD,N,*,Y,WILDCARD,WILDCARD,WILDCARD,WILDCARD
1000512,NPL_PPU_DIA,PPU3_Diamonds ,STD,N,*,Y,WILDCARD,WILDCARD,WILDCARD,WILDCARD
1000513,NPL_PPU_DIA,PPU3_Diamonds ,STD,N,*,Y,WILDCARD,WILDCARD,WILDCARD,WILDCARD
1000514,NPL_PPU_DIA,PPU3_Diamonds ,STD,N,*,Y,WILDCARD,WILDCARD,WILDCARD,WILDCARD
1000515,NPL_PPU_DIA,PPU3_Diamonds ,STD,N,*,Y,WILDCARD,WILDCARD,WILDCARD,WILDCARD
1000516,NPL_PPU_DIA,PPU3_Diamonds ,STD,N,*,Y,WILDCARD,WILDCARD,WILDCARD,WILDCARD
1000517,NPL_PPU_DIA,PPU3_Diamonds ,STD,N,*,Y,WILDCARD,WILDCARD,WILDCARD,WILDCARD
1000518,NPL_PPU_DIA,PPU3_Diamonds ,STD,N,*,Y,WILDCARD,WILDCARD,WILDCARD,WILDCARD
1000519,NPL_PPU_DIA,PPU3_Diamonds ,STD,N,*,Y,WILDCARD,WILDCARD,WILDCARD,WILDCARD
1000520,NPL_PPU_DIA,PPU3_Diamonds ,STD,N,*,Y,WILDCARD,WILDCARD,WILDCARD,WILDCARD
1000521,NPL_PPU_DIA,PPU3_Diamonds ,STD,N,*,Y,WILDCARD,WILDCARD,WILDCARD,WILDCARD
1000522,NPL_PPU_DIA,PPU3_Diamonds ,STD,N,*,Y,WILDCARD,WILDCARD,WILDCARD,WILDCARD
1000525,NPL_PPU_DIA,PPU3_Diamonds ,STD,N,*,Y,WILDCARD,WILDCARD,WILDCARD,WILDCARD
1000526,NPL_PPU_DIA,PPU3_Diamonds ,STD,N,*,Y,WILDCARD,WILDCARD,WILDCARD,WILDCARD
1000527,NPL_PPU_DIA,PPU3_Diamonds ,STD,N,*,Y,WILDCARD,WILDCARD,WILDCARD,WILDCARD
1000528,NPL_PPU_DIA,PPU3_Diamonds ,STD,N,*,Y,WILDCARD,WILDCARD,WILDCARD,WILDCARD
1000529,NPL_PPU_DIA,PPU3_Diamonds ,STD,N,*,Y,WILDCARD,WILDCARD,WILDCARD,WILDCARD
1000530,NPL_PPU_DIA,PPU3_Diamonds ,STD,N,*,Y,WILDCARD,WILDCARD,WILDCARD,WILDCARD
1000531,NPL_PPU_DIA,PPU3_Diamonds ,STD,N,*,Y,WILDCARD,WILDCARD,WILDCARD,WILDCARD
1000532,NPL_PPU_DIA,PPU3_Diamonds ,STD,N,*,Y,WILDCARD,WILDCARD,WILDCARD,WILDCARD
1000533,NPL_PPU_DIA,PPU3_Diamonds ,STD,N,*,Y,WILDCARD,WILDCARD,WILDCARD,WILDCARD
1000534,NPL_PPU_DIA,PPU3_Diamonds ,STD,N,*,Y,WILDCARD,WILDCARD,WILDCARD,WILDCARD
1000535,NPL_PPU_DIA,PPU3_Diamonds ,STD,N,*,Y,WILDCARD,WILDCARD,WILDCARD,WILDCARD
1000536,NPL_PPU_DIA,PPU3_Diamonds ,STD,N,*,Y,WILDCARD,WILDCARD,WILDCARD,WILDCARD
1000537,NPL_PPU_DIA,PPU3_Diamonds ,STD,N,*,Y,WILDCARD,WILDCARD,WILDCARD,WILDCARD
1000538,NPL_PPU_DIA,PPU3_Diamonds ,STD,N,*,Y,WILDCARD,WILDCARD,WILDCARD,WILDCARD
1000539,NPL_PPU_DIA,PPU3_Diamonds ,STD,N,*,Y,WILDCARD,WILDCARD,WILDCARD,WILDCARD
1000540,NPL_PPU_DIA,PPU3_Diamonds ,STD,N,*,Y,WILDCARD,WILDCARD,WILDCARD,WILDCARD
1000541,NPL_PPU_DIA,PPU3_Diamonds ,STD,N,*,Y,WILDCARD,WILDCARD,WILDCARD,WILDCARD
1000542,NPL_PPU_DIA,PPU3_Diamonds ,STD,N,*,Y,WILDCARD,WILDCARD,WILDCARD,WILDCARD
1000543,NPL_PPU_DIA,PPU3_Diamonds ,STD,N,*,Y,WILDCARD,WILDCARD,WILDCARD,WILDCARD
1000544,NPL_PPU_DIA,PPU3_Diamonds ,STD,N,*,Y,WILDCARD,WILDCARD,WILDCARD,WILDCARD
1000545,NPL_PPU_DIA,PPU3_Diamonds ,STD,N,*,Y,WILDCARD,WILDCARD,WILDCARD,WILDCARD
1000546,NPL_PPU_DIA,PPU3_Diamonds ,STD,N,*,Y,WILDCARD,WILDCARD,WILDCARD,WILDCARD
1000547,NPL_PPU_DIA,PPU3_Diamonds ,STD,N,*,Y,WILDCARD,WILDCARD,WILDCARD,WILDCARD
1000548,NPL_PPU_DIA,PPU3_Diamonds ,STD,N,*,Y,WILDCARD,WILDCARD,WILDCARD,WILDCARD
1000549,NPL_PPU_DIA,PPU3_Diamonds ,STD,N,*,Y,WILDCARD,WILDCARD,WILDCARD,WILDCARD
1000550,NPL_PPU_DIA,PPU3_Diamonds ,STD,N,*,Y,WILDCARD,WILDCARD,WILDCARD,WILDCARD
1000551,NPL_PPU_DIA,PPU3_Diamonds ,STD,N,*,Y,WILDCARD,WILDCARD,WILDCARD,WILDCARD
1000552,NPL_PPU_DIA,PPU3_Diamonds ,STD,N,*,Y,WILDCARD,WILDCARD,WILDCARD,WILDCARD
1000553,NPL_PPU_DIA,PPU3_Diamonds ,STD,N,*,Y,WILDCARD,WILDCARD,WILDCARD,WILDCARD
1000554,NPL_PPU_DIA,PPU3_Diamonds ,STD,N,*,Y,WILDCARD,WILDCARD,WILDCARD,WILDCARD
1000555,NPL_PPU_DIA,PPU3_Diamonds ,STD,N,*,Y,WILDCARD,WILDCARD,WILDCARD,WILDCARD
1000556,NPL_PPU_DIA,PPU3_Diamonds ,STD,N,*,Y,WILDCARD,WILDCARD,WILDCARD,WILDCARD
1000557,NPL_PPU_DIA,PPU3_Diamonds ,STD,N,*,Y,WILDCARD,WILDCARD,WILDCARD,WILDCARD
1000558,NPL_PPU_DIA,PPU3_Diamonds ,STD,N,*,Y,WILDCARD,WILDCARD,WILDCARD,WILDCARD
1000559,NPL_PPU_DIA,PPU3_Diamonds ,STD,N,*,Y,WILDCARD,WILDCARD,WILDCARD,WILDCARD
1000560,NPL_PPU_DIA,PPU3_Diamonds ,STD,N,*,Y,WILDCARD,WILDCARD,WILDCARD,WILDCARD
1000561,NPL_PPU_DIA,PPU3_Diamonds ,STD,N,*,Y,WILDCARD,WILDCARD,WILDCARD,WILDCARD
1000562,NPL_PPU_DIA,PPU3_Diamonds ,STD,N,*,Y,WILDCARD,WILDCARD,WILDCARD,WILDCARD
1000563,NPL_PPU_DIA,PPU3_Diamonds ,STD,N,*,Y,WILDCARD,WILDCARD,WILDCARD,WILDCARD
1000564,NPL_PPU_DIA,PPU3_Diamonds ,STD,N,*,Y,WILDCARD,WILDCARD,WILDCARD,WILDCARD
1000565,NPL_PPU_DIA,PPU3_Diamonds ,STD,N,*,Y,WILDCARD,WILDCARD,WILDCARD,WILDCARD
1000566,NPL_PPU_DIA,PPU3_Diamonds ,STD,N,*,Y,WILDCARD,WILDCARD,WILDCARD,WILDCARD
1000567,NPL_PPU_DIA,PPU3_Diamonds ,STD,N,*,Y,WILDCARD,WILDCARD,WILDCARD,WILDCARD
1000568,NPL_PPU_DIA,PPU3_Diamonds ,STD,N,*,Y,WILDCARD,WILDCARD,WILDCARD,WILDCARD
1000569,NPL_PPU_DIA,PPU3_Diamonds ,STD,N,*,Y,WILDCARD,WILDCARD,WILDCARD,WILDCARD
1000570,NPL_PPU_DIA,PPU3_Diamonds ,STD,N,*,Y,WILDCARD,WILDCARD,WILDCARD,WILDCARD
1000571,NPL_PPU_DIA,PPU3_Diamonds ,STD,N,*,Y,WILDCARD,WILDCARD,WILDCARD,WILDCARD
1000572,NPL_PPU_DIA,PPU3_Diamonds ,STD,N,*,Y,WILDCARD,WILDCARD,WILDCARD,WILDCARD
1000573,NPL_PPU_DIA,PPU3_Diamonds ,STD,N,*,Y,WILDCARD,WILDCARD,WILDCARD,WILDCARD
1000574,NPL_PPU_DIA,PPU3_Diamonds ,STD,N,*,Y,WILDCARD,WILDCARD,WILDCARD,WILDCARD
1000575,NPL_PPU_DIA,PPU3_Diamonds ,STD,N,*,Y,WILDCARD,WILDCARD,WILDCARD,WILDCARD
1000576,NPL_PPU_DIA,PPU3_Diamonds ,STD,N,*,Y,WILDCARD,WILDCARD,WILDCARD,WILDCARD
1000577,NPL_PPU_DIA,PPU3_Diamonds ,STD,N,*,Y,WILDCARD,WILDCARD,WILDCARD,WILDCARD
1000578,NPL_PPU_DIA,PPU3_Diamonds ,STD,N,*,Y,WILDCARD,WILDCARD,WILDCARD,WILDCARD
1000579,NPL_PPU_DIA,PPU3_Diamonds ,STD,N,*,Y,WILDCARD,WILDCARD,WILDCARD,WILDCARD
1000580,NPL_PPU_DIA,PPU3_Diamonds ,STD,N,*,Y,WILDCARD,WILDCARD,WILDCARD,WILDCARD
1000581,NPL_PPU_DIA,PPU3_Diamonds ,STD,N,*,Y,WILDCARD,WILDCARD,WILDCARD,WILDCARD
1000582,NPL_PPU_DIA,PPU3_Diamonds ,STD,N,*,Y,WILDCARD,WILDCARD,WILDCARD,WILDCARD
1000583,NPL_PPU_DIA,PPU3_Diamonds ,STD,N,*,Y,WILDCARD,WILDCARD,WILDCARD,WILDCARD
1000584,NPL_PPU_DIA,PPU3_Diamonds ,STD,N,*,Y,WILDCARD,WILDCARD,WILDCARD,WILDCARD
1000585,NPL_PPU_DIA,PPU3_Diamonds ,STD,N,*,Y,WILDCARD,WILDCARD,WILDCARD,WILDCARD
1000586,NPL_PPU_DIA,PPU3_Diamonds ,STD,N,*,Y,WILDCARD,WILDCARD,WILDCARD,WILDCARD
1000587,NPL_PPU_DIA,PPU3_Diamonds ,STD,N,*,Y,WILDCARD,WILDCARD,WILDCARD,WILDCARD
1000588,NPL_PPU_DIA,PPU3_Diamonds ,STD,N,*,Y,WILDCARD,WILDCARD,WILDCARD,WILDCARD
1000589,NPL_PPU_DIA,PPU3_Diamonds ,STD,N,*,Y,WILDCARD,WILDCARD,WILDCARD,WILDCARD
1000590,NPL_PPU_DIA,PPU3_Diamonds ,STD,N,*,Y,WILDCARD,WILDCARD,WILDCARD,WILDCARD
1000591,NPL_PPU_DIA,PPU3_Diamonds ,STD,N,*,Y,WILDCARD,WILDCARD,WILDCARD,WILDCARD
1000592,NPL_PPU_DIA,PPU3_Diamonds ,STD,N,*,Y,WILDCARD,WILDCARD,WILDCARD,WILDCARD
1000593,NPL_PPU_DIA,PPU3_Diamonds ,STD,N,*,Y,WILDCARD,WILDCARD,WILDCARD,WILDCARD
1000594,NPL_PPU_DIA,PPU3_Diamonds ,STD,N,*,Y,WILDCARD,WILDCARD,WILDCARD,WILDCARD
1000595,NPL_PPU_DIA,PPU3_Diamonds ,STD,N,*,Y,WILDCARD,WILDCARD,WILDCARD,WILDCARD
1000596,NPL_PPU_DIA,PPU3_Diamonds ,STD,N,*,Y,WILDCARD,WILDCARD,WILDCARD,WILDCARD
1000597,NPL_PPU_DIA,PPU3_Diamonds ,STD,N,*,Y,WILDCARD,WILDCARD,WILDCARD,WILDCARD
1000598,NPL_PPU_DIA,PPU3_Diamonds ,STD,N,*,Y,WILDCARD,WILDCARD,WILDCARD,WILDCARD
1000599,NPL_PPU_DIA,PPU3_Diamonds ,STD,N,*,Y,WILDCARD,WILDCARD,WILDCARD,WILDCARD
1000600,NPL_PPU_DIA,PPU3_Diamonds ,STD,N,*,Y,WILDCARD,WILDCARD,WILDCARD,WILDCARD
1000601,NPL_PPU_DIA,PPU3_Diamonds ,STD,N,*,Y,WILDCARD,WILDCARD,WILDCARD,WILDCARD
1000602,NPL_PPU_DIA,PPU3_Diamonds ,STD,N,*,Y,WILDCARD,WILDCARD,WILDCARD,WILDCARD
1000603,NPL_PPU_DIA,PPU3_Diamonds ,STD,N,*,Y,WILDCARD,WILDCARD,WILDCARD,WILDCARD
1000604,NPL_PPU_DIA,PPU3_Diamonds ,STD,N,*,Y,WILDCARD,WILDCARD,WILDCARD,WILDCARD
1000605,NPL_PPU_DIA,PPU3_Diamonds ,STD,N,*,Y,WILDCARD,WILDCARD,WILDCARD,WILDCARD
1000606,NPL_PPU_DIA,PPU3_Diamonds ,STD,N,*,Y,WILDCARD,WILDCARD,WILDCARD,WILDCARD
1000607,NPL_PPU_DIA,PPU3_Diamonds ,STD,N,*,Y,WILDCARD,WILDCARD,WILDCARD,WILDCARD
1000608,NPL_PPU_DIA,PPU3_Diamonds ,STD,N,*,Y,WILDCARD,WILDCARD,WILDCARD,WILDCARD
1000609,NPL_PPU_DIA,PPU3_Diamonds ,STD,N,*,Y,WILDCARD,WILDCARD,WILDCARD,WILDCARD
1000610,NPL_PPU_DIA,PPU3_Diamonds ,STD,N,*,Y,WILDCARD,WILDCARD,WILDCARD,WILDCARD
1000611,NPL_PPU_DIA,PPU3_Diamonds ,STD,N,*,Y,WILDCARD,WILDCARD,WILDCARD,WILDCARD
1000612,NPL_PPU_DIA,PPU3_Diamonds ,STD,N,*,Y,WILDCARD,WILDCARD,WILDCARD,WILDCARD
1000783,EBA list,EBA list exemption,STD,Y,*,Y,WILDCARD,WILDCARD,WILDCARD,WILDCARD
1000843,EBA list,EBA list exemption,STD,Y,*,Y,WILDCARD,WILDCARD,WILDCARD,WILDCARD
1000844,EBA list,EBA list exemption,STD,Y,*,Y,WILDCARD,WILDCARD,WILDCARD,WILDCARD
1000845,EBA list,EBA list exemption,STD,Y,*,Y,WILDCARD,WILDCARD,WILDCARD,WILDCARD
1000846,EBA list,EBA list exemption,STD,Y,*,Y,WILDCARD,WILDCARD,WILDCARD,WILDCARD
1000847,EBA list,EBA list exemption,STD,Y,*,Y,WILDCARD,WILDCARD,WILDCARD,WILDCARD
1000848,EBA list,EBA list exemption,STD,Y,*,Y,WILDCARD,WILDCARD,WILDCARD,WILDCARD
1000849,EBA list,EBA list exemption,STD,Y,*,Y,WILDCARD,WILDCARD,WILDCARD,WILDCARD
1000850,EBA list,EBA list exemption,STD,Y,*,Y,WILDCARD,WILDCARD,WILDCARD,WILDCARD
1000851,EBA list,EBA list exemption,STD,Y,*,Y,WILDCARD,WILDCARD,WILDCARD,WILDCARD
1000852,EBA list,EBA list exemption,STD,Y,*,Y,WILDCARD,WILDCARD,WILDCARD,WILDCARD
1000853,EBA list,EBA list exemption,STD,Y,*,Y,WILDCARD,WILDCARD,WILDCARD,WILDCARD
1000855,EBA list,EBA list exemption,STD,Y,*,Y,WILDCARD,WILDCARD,WILDCARD,WILDCARD
1000856,EBA list,EBA list exemption,STD,Y,*,Y,WILDCARD,WILDCARD,WILDCARD,WILDCARD
1000857,EBA list,EBA list exemption,STD,Y,*,Y,WILDCARD,WILDCARD,WILDCARD,WILDCARD
1000858,EBA list,EBA list exemption,STD,Y,*,Y,WILDCARD,WILDCARD,WILDCARD,WILDCARD
1000859,EBA list,EBA list exemption,STD,Y,*,Y,WILDCARD,WILDCARD,WILDCARD,WILDCARD
1000860,EBA list,EBA list exemption,STD,Y,*,Y,WILDCARD,WILDCARD,WILDCARD,WILDCARD
1000861,EBA list,EBA list exemption,STD,Y,*,Y,WILDCARD,WILDCARD,WILDCARD,WILDCARD
1000862,EBA list,EBA list exemption,STD,Y,*,Y,WILDCARD,WILDCARD,WILDCARD,WILDCARD
1000863,EBA list,EBA list exemption,STD,Y,*,Y,WILDCARD,WILDCARD,WILDCARD,WILDCARD
1000864,EBA list,EBA list exemption,STD,Y,*,Y,WILDCARD,WILDCARD,WILDCARD,WILDCARD
1000865,EBA list,EBA list exemption,STD,Y,*,Y,WILDCARD,WILDCARD,WILDCARD,WILDCARD
1000866,EBA list,EBA list exemption,STD,Y,*,Y,WILDCARD,WILDCARD,WILDCARD,WILDCARD
1000867,EBA list,EBA list exemption,STD,Y,*,Y,WILDCARD,WILDCARD,WILDCARD,WILDCARD
1000868,EBA list,EBA list exemption,STD,Y,*,Y,WILDCARD,WILDCARD,WILDCARD,WILDCARD
1000869,EBA list,EBA list exemption,STD,Y,*,Y,WILDCARD,WILDCARD,WILDCARD,WILDCARD
1000872,EBA list,EBA list exemption,STD,Y,*,Y,WILDCARD,WILDCARD,WILDCARD,WILDCARD
1000873,EBA list,EBA list exemption,STD,Y,*,Y,WILDCARD,WILDCARD,WILDCARD,WILDCARD
